202,41,9,0,0,0.94445,0.7722,1.1111,1.0256,123.04,111.89,139.78,117.44,-33.444,50.222,-16.778,139.78,0.19935,-2.2999,-1
83,28,9,0,0,0.38889,0.13608,0.88889,0.45542,112.96,99.444,131.11,108.33,-40.556,54.444,-13.889,131.11,0.24151,-2.3879,-1
79,62,9,0,0,0.55556,0.38518,0.88889,0.6074,110.19,100.67,127.11,102.78,-28.556,50.778,-22.222,127.11,0.20801,-2.1782,-1
209,11,9,0,0,0.83333,0.25556,2.1667,3.8556,141.56,135.11,150.11,139.44,-19.333,25.667,-6.3333,150.11,0.099836,-2.4016,-1
9,94,9,0,0,0.61111,0.55185,1,0.66666,113.19,106.89,127.56,105.11,-18.889,43.111,-24.222,127.56,0.17679,-2.0153,-1
96,13,9,0,0,0.83333,0.47778,0.55556,0.20741,131.78,122.11,144.78,128.44,-29,39,-10,144.78,0.15657,-2.3863,-1
194,72,9,0,0,1,0.4,1.1667,1.1444,93.444,79.222,117.11,84,-42.667,71,-28.333,117.11,0.32342,-2.2258,-1
48,81,9,0,0,0.61111,0.24074,0.88889,0.42963,112.93,105.67,128.89,104.22,-21.778,47.889,-26.111,128.89,0.19308,-2.0335,-1
98,41,9,0,0,1.7222,0.77407,1.1111,0.87407,137.15,130.67,147.22,133.56,-19.444,30.222,-10.778,147.22,0.11242,-2.2685,-1
168,13,9,0.11111,0,1.3333,0.44444,1.3333,0.4,130.41,119.67,145.44,126.11,-32.222,45.111,-12.889,145.44,0.17719,-2.3552,-1
188,42,9,0,0,0.77778,0.54433,1.6667,1.2649,108.93,95.667,126.22,104.89,-39.778,51.889,-12.111,126.22,0.24193,-2.4104,-1
95,71,9,0,0,1.0556,1.0852,2.2222,3.763,105.67,96.667,122.44,97.889,-27,50.333,-23.333,122.44,0.21226,-2.1432,-1
14,28,9,0,0,0.55555,0.074075,1.2222,0.42963,110.48,97.889,131.11,102.44,-37.778,61.889,-24.111,131.11,0.2533,-2.2389,-1
116,35,9,0,0,0.83333,0.78173,0.88889,0.54433,125.19,113.78,141.33,120.44,-34.222,48.444,-14.222,141.33,0.19485,-2.3466,-1
181,15,9,0,0,0.83334,0.21111,1.4444,1.2296,140.3,133.89,149.56,137.44,-19.222,27.778,-8.5556,149.56,0.10464,-2.3306,-1
73,19,9,0,0,0.94444,0.38968,0.94444,0.68042,127.52,116.56,143.11,122.89,-32.889,46.778,-13.889,143.11,0.18554,-2.3442,-1
253,75,9,0,0,0.66667,0.26667,0.88889,0.38519,88.556,72,115.89,77.778,-49.667,82,-32.333,115.89,0.37868,-2.232,-1
63,13,9,0,0,1.1667,1.0111,0.94444,0.68519,141.82,137.11,148.89,139.44,-14.111,21.222,-7.1111,148.89,0.079806,-2.2768,-1
93,46,9,0,0,2.1111,1.6296,1.7778,1.8074,126.04,116,141,121.11,-30.111,44.889,-14.778,141,0.17719,-2.3044,-1
253,32,9,0,0,0.5,0.58689,1.3333,0.55777,116.78,103.89,133.33,113.11,-38.667,49.667,-11,133.33,0.22075,-2.4212,-1
104,68,9,0,0,1,0.57778,0.88889,0.82963,105.78,95.111,124.89,97.333,-32,57.333,-25.333,124.89,0.23914,-2.17,-1
60,52,9,0,0,0.72222,0.5963,0.77778,0.74074,111.63,101,129.22,104.67,-31.889,52.778,-20.889,129.22,0.21838,-2.2297,-1
248,53,9,0,0,0.72223,0.28519,0.83333,0.70001,134.78,128.22,145.78,130.33,-19.667,33,-13.333,145.78,0.12112,-2.2175,-1
119,85,9,0,0,0.5,0.3,0.88889,0.60741,101.04,88.778,122.56,91.778,-36.778,64.556,-27.778,122.56,0.27547,-2.1863,-1
232,31,9,0,0,0.55556,0.34427,0.77778,0.34427,114.96,101.89,132.56,110.44,-39.222,52.778,-13.556,132.56,0.23132,-2.3849,-1
22,57,9,0,0,0.88889,0.74074,0.66666,0.48889,126.11,115.78,140.44,122.11,-31,43,-12,140.44,0.17561,-2.3625,-1
172,60,9,0,0,0.83333,0.38889,1.0556,0.32963,123.67,114,138.33,118.67,-29,44,-15,138.33,0.17584,-2.2934,-1
147,51,9,0.11111,0,1.1667,1.1,1.5,1.9444,126.33,117,140.22,121.78,-28,41.667,-13.667,140.22,0.16555,-2.3067,-1
18,13,9,0,0,0.88889,0.20741,1.1111,0.16296,140.26,134.33,149.11,137.33,-17.778,26.556,-8.7778,149.11,0.09906,-2.2924,-1
186,46,9,0,0,0.66666,0.4,1.0556,0.86295,135.52,129.44,145.56,131.56,-18.222,30.111,-11.889,145.56,0.11065,-2.2326,-1
112,35,9,0,0,1.1111,1.2296,1.4444,0.82963,127.56,117.44,142.56,122.67,-30.333,45,-14.667,142.56,0.17608,-2.311,-1
231,13,9,0,0,1.2778,0.57413,1,1.0541,118.67,106.56,135.78,113.67,-36.333,51.333,-15,135.78,0.21509,-2.3519,-1
235,46,9,0,0,1.1667,0.62361,1.3333,0.59628,114.63,100.89,132.89,110.11,-41.222,54.778,-13.556,132.89,0.24072,-2.395,-1
178,43,9,0,0,1.1667,1.1,1.1111,0.74074,125.26,115.67,140.22,119.89,-28.778,44.889,-16.111,140.22,0.17495,-2.2706,-1
155,20,9,0,0,0.61111,0.32773,0.61111,0.32773,111.7,98.444,129.56,107.11,-39.778,53.556,-13.778,129.56,0.24011,-2.3852,-1
174,77,9,0,0,1,0.31111,1.2778,1.3518,135.93,128.56,147.33,131.89,-22.111,34.222,-12.111,147.33,0.12739,-2.2771,-1
44,33,9,0,0,1.1667,0.9369,1.0556,0.85418,125.89,114.67,141.78,121.22,-33.667,47.667,-14,141.78,0.19122,-2.348,-1
95,47,9,0,0,0.72222,0.32963,1.5,0.47778,107.11,93.222,128.78,99.333,-41.667,65,-23.333,128.78,0.27596,-2.2711,-1
78,30,9,0,0,0.66667,0.66667,0.94444,0.7722,112.96,99.333,131.11,108.44,-40.889,54.444,-13.556,131.11,0.24234,-2.3951,-1
140,34,9,0,0,0.5,0.12222,0.88889,0.20741,105.48,91.222,127.33,97.889,-42.778,65.556,-22.778,127.33,0.28352,-2.2866,-1
179,101,9,0,0,0.44445,0.38519,0.61111,0.32963,134.93,126.44,147.22,131.11,-25.444,36.889,-11.444,147.22,0.14111,-2.3287,-1
206,57,9,0,0,1.0556,0.1963,0.88889,0.34074,122.33,111.33,139,116.67,-33,50,-17,139,0.19892,-2.2972,-1
152,18,9,0,0,0.77778,0.45542,0.55556,0.27216,112.11,97.222,130.44,108.67,-44.667,55,-10.333,130.44,0.25467,-2.455,-1
166,65,9,0,0,0.77778,0.78519,0.72222,0.32963,97.333,82.778,121.11,88.111,-43.667,71.333,-27.667,121.11,0.31647,-2.2391,-1
192,51,9,0,0,0.72222,0.38968,0.94444,0.7722,108.74,95.222,127,104,-40.556,54.778,-14.222,127,0.25014,-2.3834,-1
162,14,9,0,0,0.94444,0.53403,0.61111,0.71233,112.74,99,130.67,108.56,-41.222,53.778,-12.556,130.67,0.24229,-2.409,-1
159,40,9,0,0,0.88889,0.62063,0.55556,0.17213,125.15,114.22,141.67,119.56,-32.778,49.556,-16.778,141.67,0.19367,-2.2949,-1
181,27,9,0,0,0.72222,0.46296,0.5,0.25555,138.07,132.56,146.56,135.11,-16.556,25.444,-8.8889,146.56,0.096263,-2.2645,-1
164,49,9,0,0,1.1667,0.43334,1.5,0.3,126.19,116.33,141.78,120.44,-29.556,46.778,-17.222,141.78,0.17941,-2.2637,-1
175,14,9,0,0,0.88889,0.80737,1.2222,0.77936,113.82,100.11,132.11,109.22,-41.111,54.889,-13.778,132.11,0.24216,-2.3911,-1
76,19,9,0,0,0.94444,0.44305,0.88889,0.58373,114.26,101,132.33,109.44,-39.778,54.222,-14.444,132.33,0.23673,-2.376,-1
74,88,9,0,0,0.72222,0.32963,0.5,0.21111,110.59,101.56,127.56,102.67,-27.111,50.889,-23.778,127.56,0.20468,-2.1392,-1
57,89,9,0.11111,0,0.55556,0.27217,1.2778,0.7722,106.07,93.111,125.44,99.667,-38.889,58.111,-19.222,125.44,0.25775,-2.3062,-1
102,73,9,0,0,0.38889,0.062964,1.6111,1.2185,125.52,115.44,140.56,120.56,-30.222,45.111,-14.889,140.56,0.17864,-2.3074,-1
81,67,9,0,0,0.83333,0.45947,0.88889,0.58373,122.89,112.33,138.44,117.89,-31.667,46.667,-15,138.44,0.18855,-2.3172,-1
101,42,9,0,0,1.1111,0.60741,1.1667,0.74444,137.07,130.44,147.44,133.33,-19.889,31.111,-11.222,147.44,0.1153,-2.2636,-1
167,57,9,0,0,0.94445,0.37407,0.77778,0.6963,98.593,84,121.56,90.222,-43.778,68.889,-25.111,121.56,0.30881,-2.2644,-1
226,83,9,0,0,0.88889,0.51852,1.0556,0.50741,90.63,74.556,116.89,80.444,-48.222,78.778,-30.556,116.89,0.36206,-2.2391,-1
167,45,9,0,0,0.94444,0.72963,0.61111,0.28519,101.22,87.111,124,92.556,-42.333,68.333,-26,124,0.29741,-2.2478,-1
245,93,9,0.11111,0,2.8889,3.8963,1.9444,4.9074,86.296,70.667,112.11,76.111,-46.889,77.444,-30.556,112.11,0.36964,-2.2316,-1
92,56,9,0,0,0.44444,0.029629,0.83333,0.56667,126,115.89,140.67,121.44,-30.333,44,-13.667,140.67,0.17606,-2.3268,-1
58,58,9,0,0,0.55556,0.40369,0.88889,0.86066,123,112.56,137.44,119,-31.333,43.333,-12,137.44,0.18097,-2.3654,-1
83,54,9,0,0,0.77778,0.72008,0.66667,0.55777,109.96,97.556,127.44,104.89,-37.222,52.444,-15.222,127.44,0.2345,-2.3512,-1
67,71,9,0,0,1.6667,0.88889,1.5,0.3,125.96,115.56,140.89,121.44,-31.222,44.778,-13.556,140.89,0.17967,-2.3398,-1
252,27,9,0,0,1.2778,0.59629,1,0.57777,136.3,130.33,145.56,133,-17.889,27.778,-9.8889,145.56,0.10447,-2.2641,-1
178,16,9,0,0,0.33333,0.29814,1.5,1.2065,112.96,99.556,131,108.33,-40.222,54.111,-13.889,131,0.2399,-2.385,-1
165,99,9,0,0,0.88889,0.47407,0.77778,0.47407,93.407,79,118,83.222,-43.222,73.778,-30.556,118,0.33042,-2.2078,-1
53,53,9,0,0,1,0.44444,1.1111,0.42963,113.15,104.33,130.22,104.89,-26.444,51.222,-24.778,130.22,0.20048,-2.117,-1
64,49,9,0,0,0.94445,0.24074,0.72223,0.41852,108.89,97.111,128.89,100.67,-35.333,60,-24.667,128.89,0.24649,-2.2117,-1
177,85,9,0,0,0.83333,0.16667,0.88889,0.42963,93.556,79.222,118,83.444,-43,73.333,-30.333,118,0.3286,-2.2084,-1
216,17,9,0,0,0.66666,0.5164,1.2778,1.0202,126.15,115,141.89,121.56,-33.444,47.222,-13.778,141.89,0.18946,-2.3484,-1
248,13,9,0,0,0.77778,0.20741,1.1111,0.29629,104.11,88.222,128.44,95.667,-47.667,73,-25.333,128.44,0.31316,-2.2871,-1
92,62,9,0,0,1.8889,1.3109,1.8889,0.72008,123.48,112.33,139.33,118.78,-33.444,47.556,-14.111,139.33,0.19369,-2.3434,-1
193,66,9,0.11111,0,1.3889,1.4407,0.88889,0.60741,95.111,80.667,118.78,85.889,-43.333,71,-27.667,118.78,0.32066,-2.2357,-1
206,30,9,0,0,0.77778,0.50185,0.83333,0.54772,123.33,112.78,139.67,117.56,-31.667,49,-17.333,139.67,0.19251,-2.2795,-1
124,29,9,0,0,1,0.71111,1.0556,0.90742,128.44,119.22,142.89,123.22,-27.667,43.333,-15.667,142.89,0.16562,-2.2711,-1
29,52,9,0,0,0.38889,0.018518,1.3333,0.17778,125.78,115.56,140.22,121.56,-30.667,43.333,-12.667,140.22,0.17585,-2.3485,-1
84,86,9,0,0,0.83334,0.69121,1.1667,0.69121,105.78,92.889,124.11,100.33,-38.667,55,-16.333,124.11,0.25155,-2.3438,-1
115,39,9,0,0,0.72222,0.062963,1.2222,0.47408,127.07,116.33,142.44,122.44,-32.222,46.111,-13.889,142.44,0.18324,-2.336,-1
193,35,9,0,0,0.27778,0.28518,0.72222,0.28518,136.48,131.22,146.22,132,-15.778,29.222,-13.444,146.22,0.10334,-2.1468,-1
138,21,9,0,0,0.66666,0.76012,1,0.5164,127.3,116.22,143.11,122.56,-33.222,47.444,-14.222,143.11,0.18785,-2.3394,-1
17,18,9,0,0,1.2222,1.2939,1.2778,1.2546,125.63,114,142,120.89,-34.889,49.111,-14.222,142,0.19711,-2.3522,-1
59,96,9,0,0,0.61111,0.41852,0.61111,0.24074,111.59,103.44,128.11,103.22,-24.444,49.556,-25.111,128.11,0.19773,-2.086,-1
79,47,9,0.11111,0,0.66667,0.35556,1,1.1556,126.37,116,141.67,121.44,-31.111,45.889,-14.778,141.67,0.18101,-2.3158,-1
240,26,9,0,0,1.2222,1.0074,0.88889,0.20741,136.89,131,146.56,133.11,-17.667,29,-11.333,146.56,0.1061,-2.2307,-1
44,79,9,0,0,0.44444,0.34426,0.77778,0.40369,107.74,93.889,126.56,102.78,-41.556,56.444,-14.889,126.56,0.25808,-2.378,-1
97,21,9,0,0,0.94444,0.61162,1.3333,0.86923,126.82,115,142.89,122.56,-35.444,48.222,-12.778,142.89,0.19513,-2.3778,-1
31,42,9,0.11111,0,1.2778,0.68518,0.94444,0.77407,127.04,117,141.78,122.33,-30.111,44.222,-14.111,141.78,0.17463,-2.3144,-1
191,47,9,0,0,0.44444,0.38519,1.1111,0.38519,135.74,129,146.33,131.89,-20.222,31.778,-11.556,146.33,0.1184,-2.2626,-1
239,32,9,0,0,0.77778,0.20741,1.5,1.1889,121.44,110.22,138.11,116,-33.667,50,-16.333,138.11,0.2019,-2.3094,-1
25,18,9,0,0,0.66666,0.088889,0.55555,0.38518,114.15,102.44,132.33,107.67,-35.111,54.556,-19.444,132.33,0.22573,-2.2784,-1
238,25,9,0,0,0.38889,0.25092,0.94445,0.82776,116.26,103.67,133.78,111.33,-37.778,52.556,-14.778,133.78,0.22498,-2.3602,-1
67,71,9,0,0,1.6667,0.88889,1.5,0.3,125.96,115.56,140.89,121.44,-31.222,44.778,-13.556,140.89,0.17967,-2.3398,-1
189,39,9,0,0,1.0556,0.57414,0.77778,0.58373,124.19,113.89,140.33,118.33,-30.889,48.444,-17.556,140.33,0.18839,-2.2681,-1
207,58,9,0,0,0.77778,0.34427,0.88889,0.58373,110.37,97.667,128.11,105.33,-38.111,53.222,-15.111,128.11,0.23757,-2.3573,-1
226,83,9,0,0,0.88889,0.51852,1.0556,0.50741,90.63,74.556,116.89,80.444,-48.222,78.778,-30.556,116.89,0.36206,-2.2391,-1
65,70,9,0,0,0.66666,0.17778,1.1111,0.56296,112.52,104,127.78,105.78,-25.556,45.778,-20.222,127.78,0.1861,-2.1717,-1
230,41,9,0,0,0.88889,0.68853,1.8889,1.2413,121.48,110.22,138.89,115.33,-33.778,52.222,-18.444,138.89,0.20639,-2.2808,-1
60,52,9,0,0,0.72222,0.5963,0.77778,0.74074,111.63,101,129.22,104.67,-31.889,52.778,-20.889,129.22,0.21838,-2.2297,-1
118,38,9,0,0,0.77778,0.58373,0.88889,1.0681,124.85,113.33,141.67,119.56,-34.556,50.444,-15.889,141.67,0.19997,-2.3229,-1
143,24,9,0,0,1.2778,0.90741,0.88889,1.1407,127.63,117.67,141.67,123.56,-29.889,42.111,-12.222,141.67,0.1694,-2.3493,-1
58,25,9,0,0,0.77778,0.50185,0.38889,0.32773,112.22,97.778,131.33,107.56,-43.333,57.333,-14,131.33,0.25541,-2.3969,-1
138,49,9,0,0,1.0556,0.92896,1.7778,1.068,124.04,113.11,140.44,118.56,-32.778,49.222,-16.444,140.44,0.19462,-2.3034,-1
204,12,9,0,0,0.77778,0.51852,1.7778,0.78518,127.44,115.56,143.11,123.67,-35.667,47,-11.333,143.11,0.19252,-2.4029,-1
88,91,9,0,0,1.0556,0.82776,0.72222,0.7722,104.89,92.556,123.44,98.667,-37,55.667,-18.667,123.44,0.2502,-2.3005,-1
112,77,9,0,0,0.94445,0.57413,1.1667,0.80967,107.63,93.889,125.22,103.78,-41.222,52.778,-11.556,125.22,0.25014,-2.4247,-1
92,56,9,0,0,0.44444,0.029629,0.83333,0.56667,126,115.89,140.67,121.44,-30.333,44,-13.667,140.67,0.17606,-2.3268,-1
201,92,9,0,0,0.83334,0.21111,0.77778,0.2963,90.333,74.889,115.44,80.667,-46.333,75.333,-29,115.44,0.35122,-2.2428,-1
112,18,9,0,0,0.83333,0.69122,0.5,0.27889,113.78,102.33,130.11,108.89,-34.333,49,-14.667,130.11,0.21326,-2.3408,-1
251,24,9,0,0,1.1667,0.96667,1.6111,0.41852,121.63,110.78,137.78,116.33,-32.556,48.444,-15.889,137.78,0.19598,-2.3079,-1
69,17,9,0,0,0.61111,0.10741,0.66667,0.31111,130.3,120.78,143.89,126.22,-28.556,40.778,-12.222,143.89,0.1606,-2.3395,-1
64,19,9,0,0,0.94444,0.15185,1.6667,0.31111,137.78,131.56,146.44,135.33,-18.667,26,-7.3333,146.44,0.10151,-2.3586,-1
86,67,9,0,0,1,0.62222,1.0556,0.68519,108.85,99.444,125.56,101.56,-28.222,50.111,-21.889,125.56,0.2077,-2.1731,-1
26,90,9,0,0,0.61111,0.37408,1.2778,0.28519,113.11,105.67,128.33,105.33,-22.333,45.667,-23.333,128.33,0.18179,-2.0784,-1
222,54,9,0,0,1.1667,0.16667,1,0.84444,134.33,127.56,145.56,129.89,-20.333,33.667,-13.333,145.56,0.12431,-2.2316,-1
8,39,9,0.11111,0,1.3889,1.1296,1.8333,0.7,113.37,102.56,132,105.56,-32.444,55.889,-23.444,132,0.22295,-2.1982,-1
183,29,9,0,0,0.77778,0.60741,0.77778,0.42963,103.26,88.778,126.33,94.667,-43.444,69.222,-25.778,126.33,0.29721,-2.2572,-1
91,54,9,0,0,0.83333,0.40825,0.83334,0.65828,110,97.889,127.11,105,-36.333,51.333,-15,127.11,0.22967,-2.3457,-1
53,28,9,0,0,0.44444,0.40369,1.7778,0.86066,111.59,96.444,130.67,107.67,-45.444,57.222,-11.778,130.67,0.26184,-2.4386,-1
140,19,9,0.11111,0,1.0556,0.55185,1.8889,1.9852,110.3,97.667,130.22,103,-37.889,59.778,-21.889,130.22,0.2499,-2.2643,-1
1,45,9,0,0,0.88889,0.45542,1.1111,0.45542,122.85,110.56,140,118,-36.889,51.444,-14.556,140,0.21017,-2.3594,-1
174,50,9,0,0,1,0.76011,0.94444,0.95258,107.44,94.667,125.78,101.89,-38.333,55,-16.667,125.78,0.24734,-2.3373,-1
120,51,9,0,0,1.0556,0.71232,2.0556,0.74287,124.41,113.22,141.11,118.89,-33.556,50.111,-16.556,141.11,0.19757,-2.3053,-1
185,35,9,0,0,1.3889,1.0417,1.1667,0.80966,109.11,96.444,125.44,105.44,-38,49,-11,125.44,0.23117,-2.4202,-1
186,28,9,0,0,0.94444,0.38968,1.4444,1.2939,122.52,111,138.67,117.89,-34.556,48.444,-13.889,138.67,0.19951,-2.354,-1
141,31,9,0,0,1.4444,0.38518,1.2222,1.1852,126.82,117.11,141.22,122.11,-29.111,43.222,-14.111,141.22,0.17072,-2.3108,-1
128,15,9,0,0,0.77778,0.27217,0.55556,0.62063,129.26,118.33,144,125.44,-32.778,44.222,-11.444,144,0.17818,-2.3824,-1
184,44,9,0,0,0.5,0.12222,1,0.75556,99,85,121.44,90.556,-42,67.333,-25.333,121.44,0.30002,-2.2545,-1
160,30,9,0,0,0.22222,0.27216,0.61111,0.61162,111.22,97.667,129,107,-40.667,53.333,-12.667,129,0.24285,-2.4053,-1
140,16,9,0,0,0.5,0.34444,0.88889,0.38518,111.82,99.111,131.11,105.22,-38.111,57.889,-19.778,131.11,0.24402,-2.2939,-1
205,47,9,0,0,1.2222,0.60741,1.5556,0.82963,123.85,114.11,139.78,117.67,-29.222,47.778,-18.556,139.78,0.18354,-2.2399,-1
241,76,9,0,0,0.83333,0.21111,1.3333,0.71111,90.074,74.556,116.56,79.111,-46.556,79.444,-32.889,116.56,0.36019,-2.208,-1
19,28,9,0,0,1.1667,1.278,1.1111,1.1863,111.52,96.111,131.22,107.22,-46.222,59.111,-12.889,131.22,0.26754,-2.426,-1
172,31,9,0,0,0.72222,0.41852,0.66666,0.71111,136.41,130.78,145.44,133,-16.889,27.111,-10.222,145.44,0.10071,-2.2515,-1
63,33,9,0,0,0.61111,0.32963,0.72222,0.062963,111.33,97.778,132,104.22,-40.667,62,-21.333,132,0.25913,-2.2904,-1
92,46,9,0,0,0.61111,0.24074,1.1111,1.0074,107.52,93.889,128.89,99.778,-40.889,64.111,-23.222,128.89,0.2715,-2.2708,-1
244,79,9,0,0,0.55556,0.11852,1.0556,0.46297,89.444,73.556,115.33,79.444,-47.667,77.667,-30,115.33,0.36217,-2.2416,-1
220,36,9,0,0,0.94444,0.80046,1.0556,0.85418,114.04,100.78,132.44,108.89,-39.778,55.222,-15.444,132.44,0.23908,-2.3622,-1
170,36,9,0,0,1.1111,0.34074,1.8333,1.4556,103.04,89.556,125.22,94.333,-40.444,66.556,-26.111,125.22,0.28465,-2.2323,-1
123,68,9,0,0,0.94444,0.57413,0.72222,0.57413,107.37,94.222,126.33,101.56,-39.444,56.889,-17.444,126.33,0.25416,-2.3332,-1
37,25,9,0,0,1.3333,0.7303,1,0.76012,126.04,114.33,142.22,121.56,-35.111,48.556,-13.444,142.22,0.19609,-2.3652,-1
243,48,9,0,0,1.2222,0.20741,1.2778,1.263,134.85,127.56,146.11,130.89,-21.889,33.778,-11.889,146.11,0.12697,-2.2784,-1
115,75,9,0,0,0.94444,0.77408,1.0556,0.5963,126.07,115.89,141.22,121.11,-30.556,45.444,-14.889,141.22,0.17935,-2.3098,-1
171,15,9,0,0,0.66667,0.55777,0.66667,0.6992,113.74,100.11,132,109.11,-40.889,54.778,-13.889,132,0.24158,-2.389,-1
122,11,9,0,0,1,0.31112,2.8889,5.0519,143.44,136.89,150.89,142.56,-19.667,22.333,-2.6667,150.89,0.092773,-2.5217,-1
79,58,9,0,0,1.0556,0.53403,1.0556,0.68041,109.07,96.333,126.44,104.44,-38.222,52.111,-13.889,126.44,0.23814,-2.3752,-1
115,81,9,0,0,0.72222,0.64693,0.72222,0.38968,105.93,91.889,124.89,101,-42.111,56.889,-14.778,124.89,0.26422,-2.3823,-1
209,66,9,0,0,1.0556,0.46297,1.1111,0.6074,93.444,79.111,117.33,83.889,-43,71.667,-28.667,117.33,0.32571,-2.2248,-1
134,29,9,0,0,0.77778,0.40369,0.44444,0.40369,112.07,98.556,130.56,107.11,-40.556,55.444,-14.889,130.56,0.24509,-2.3732,-1
220,39,9,0.11111,0,0.66667,0.7303,1.3333,1.3333,113,99.444,131.11,108.44,-40.667,54.333,-13.667,131.11,0.24146,-2.3936,-1
112,30,9,0,0,0.55556,0.27216,1.2222,0.72008,113.26,100.78,130.11,108.89,-37.444,50.556,-13.111,130.11,0.22538,-2.3853,-1
121,62,9,0,0,0.55556,0.20741,1.1111,0.56296,125.41,116.33,138.78,121.11,-27.222,40.111,-12.889,138.78,0.16166,-2.316,-1
150,94,9,0,0,1.1111,0.6074,1.2778,0.50741,95.296,80.889,119.22,85.778,-43.222,71.778,-28.556,119.22,0.3215,-2.2271,-1
206,26,9,0,0,1.2222,1.4963,1.8889,1.4074,137.04,131.44,146.78,132.89,-16.778,29.222,-12.444,146.78,0.10513,-2.1826,-1
78,62,9,0.11111,0,0.66667,0.4,1.6111,0.86296,110.04,100.78,126.33,103,-27.778,48.889,-21.111,126.33,0.20228,-2.1854,-1
120,17,9,0,0,1.3889,0.55185,1.8889,1.1407,129.56,118.78,143.56,126.33,-32.333,42,-9.6667,143.56,0.17263,-2.413,-1
16,51,9,0,0,0.72222,0.44305,0.83334,0.72265,122.96,110.67,140.78,117.44,-36.889,53.444,-16.556,140.78,0.21381,-2.3305,-1
8,21,9,0.11111,0,0.61111,0.44305,2.0556,1.2187,125.59,113.44,142.44,120.89,-36.444,50.556,-14.111,142.44,0.20358,-2.3625,-1
112,30,9,0,0,0.55556,0.27216,1.2222,0.72008,113.26,100.78,130.11,108.89,-37.444,50.556,-13.111,130.11,0.22538,-2.3853,-1
188,35,9,0,0,1.2222,1.0519,1.1111,0.56296,124.56,114.44,140.11,119.11,-30.333,46.667,-16.333,140.11,0.18311,-2.2829,-1
105,62,9,0,0,0.83334,0.16667,1.1667,0.83333,126.48,117.56,140.33,121.56,-26.778,41.556,-14.778,140.33,0.16223,-2.2754,-1
66,109,9,0,0,0.83333,0.80967,1,0.84328,102.48,89.444,122.22,95.778,-39.111,59.222,-20.111,122.22,0.26812,-2.2976,-1
3,21,9,0,0,0.44444,0.60741,1.2222,0.11852,130.15,120.78,143.22,126.44,-28.111,39.222,-11.111,143.22,0.15668,-2.3572,-1
145,34,9,0.11111,0,0.55556,0.34074,1.8889,1.1407,137.04,131.44,146.67,133,-16.778,28.889,-12.111,146.67,0.10454,-2.2,-1
72,31,9,0,0,1.1111,1.4963,1.3333,0.71111,135.93,129.89,145.56,132.33,-18.111,28.889,-10.778,145.56,0.10762,-2.255,-1
240,58,9,0,0,1.0556,0.77407,1,0.71111,92.704,76.889,118.56,82.667,-47.444,77.556,-30.111,118.56,0.35133,-2.2393,-1
84,65,9,0,0,0.72222,0.37407,2,0.71111,125.67,115.33,141.67,120,-31,48,-17,141.67,0.18566,-2.2737,-1
228,20,9,0,0,1.0556,0.49066,0.83333,0.75277,125,114,140.56,120.44,-33,46.667,-13.667,140.56,0.18889,-2.348,-1
212,81,9,0,0,0.72222,0.10741,0.83333,0.077779,92.185,77.222,118.44,80.889,-44.889,78.778,-33.889,118.44,0.3479,-2.1874,-1
41,93,9,0,0,0.72222,0.15185,1.0556,1.3963,112.3,103.89,128,105,-25.222,47.111,-21.889,128,0.18831,-2.1414,-1
207,58,9,0,0,0.83333,0.45947,1,0.42164,122,110.11,138.78,117.11,-35.667,50.333,-14.667,138.78,0.2065,-2.3493,-1
143,34,9,0,0,1.0556,0.92896,1.3889,0.87981,125.48,113.67,142,120.78,-35.444,49.556,-14.111,142,0.19952,-2.3573,-1
169,98,9,0,0,0.72222,0.15185,1.6667,0.75555,92.333,77.333,116.89,82.778,-45,73.667,-28.667,116.89,0.33829,-2.2385,-1
62,26,9,0,0,0.77778,0.27216,0.44444,0.40369,112.22,98.333,130.89,107.44,-41.667,56,-14.333,130.89,0.2487,-2.3861,-1
143,20,9,0,0,1.1111,0.75031,1.2778,0.92896,127.33,116.78,142.67,122.56,-31.667,46,-14.333,142.67,0.18148,-2.3269,-1
92,44,9,0.11111,0,0.72222,0.57413,1.1667,1.0488,123.82,113.44,138.11,119.89,-31.111,42.889,-11.778,138.11,0.17843,-2.3673,-1
252,36,9,0,0,0.94444,0.1963,1,0.22222,135.3,128.56,146.11,131.22,-20.222,32.444,-12.222,146.11,0.12003,-2.2472,-1
78,72,9,0,0,1.1111,1.0074,1.0556,0.72963,125.56,115.33,140.56,120.78,-30.667,45,-14.333,140.56,0.17933,-2.3208,-1
233,81,9,0,0,0.61111,0.32963,1.0556,0.55185,90.407,75.667,116.44,79.111,-44.222,78.111,-33.889,116.44,0.35004,-2.1823,-1
121,82,9,0,0,0.55556,0.34427,0.61111,0.44305,106.52,92.889,125.89,100.78,-40.889,58.111,-17.222,125.89,0.26209,-2.3449,-1
120,74,9,0,0,0.33333,0.088889,0.5,0.077778,101.85,89.111,123.22,93.222,-38.222,64.111,-25.889,123.22,0.27678,-2.2205,-1
145,33,9,0,0,0.88889,0.27216,0.88889,0.62063,124.56,113.22,140.89,119.56,-34,49,-15,140.89,0.1963,-2.3335,-1
199,25,9,0,0,1,0.84444,1.2778,0.77407,103.63,89.111,126.89,94.889,-43.556,69.778,-26.222,126.89,0.29753,-2.2521,-1
38,71,9,0,0,0.72222,0.49066,0.88889,0.72008,122.19,111.44,138.33,116.78,-32.222,48.444,-16.222,138.33,0.19432,-2.3012,-1
250,37,9,0,0,0.61111,0.24074,1.0556,0.95185,95.926,80.111,121.11,86.556,-47.444,75.556,-28.111,121.11,0.33849,-2.2584,-1
245,18,9,0,0,1,1.0222,1.1667,0.21111,137.89,131.44,147.89,134.33,-19.333,30,-10.667,147.89,0.11122,-2.2751,-1
35,67,9,0.11111,0,2.6667,1.1353,3.8333,1.9408,106.07,92.111,125.56,100.56,-41.889,58.444,-16.556,125.56,0.26644,-2.3573,-1
8,39,9,0.11111,0,1.3889,1.1296,1.8333,0.7,113.37,102.56,132,105.56,-32.444,55.889,-23.444,132,0.22295,-2.1982,-1
25,41,9,0,0,1,0.57777,1.5,0.65555,113.41,103.89,131.22,105.11,-28.556,53.444,-24.889,131.22,0.20829,-2.1398,-1
140,25,9,0,0,1,1.4667,1.1111,0.11852,128,117.78,142.33,123.89,-30.667,43,-12.333,142.33,0.1725,-2.3546,-1
140,25,9,0,0,1,1.4667,1.1111,0.11852,128,117.78,142.33,123.89,-30.667,43,-12.333,142.33,0.1725,-2.3546,-1
103,39,9,0,0,0.5,0.3,1.1111,0.42963,127.52,116.56,142.89,123.11,-32.889,46.111,-13.222,142.89,0.18426,-2.353,-1
197,58,9,0,0,0.83334,0.62361,1.4444,1.0037,122.26,110.44,138.78,117.56,-35.444,49.556,-14.111,138.78,0.20415,-2.3573,-1
52,66,9,0.11111,0,1.1667,0.25556,1.8333,2.1222,114.22,106.89,128.78,107,-22,43.667,-21.667,128.78,0.17413,-2.099,-1
230,12,9,0,0,0.88889,0.27216,1.6111,0.97563,119.04,107.22,135.33,114.56,-35.444,48.889,-13.444,135.33,0.20768,-2.3689,-1
83,53,9,0,0,0.55556,0.45542,0.72222,0.49065,123.44,112.33,138.22,119.78,-33.333,44.333,-11,138.22,0.18722,-2.3933,-1
231,49,9,0,0,0.55556,0.38519,0.66667,0.26667,120.7,108.11,139.33,114.67,-37.778,55.889,-18.111,139.33,0.22388,-2.3155,-1
120,74,9,0,0,0.33333,0.088889,0.5,0.077778,101.85,89.111,123.22,93.222,-38.222,64.111,-25.889,123.22,0.27678,-2.2205,-1
212,48,9,0,0,0.55556,0.25185,0.55556,0.074074,122.37,112.22,138.11,116.78,-30.444,47.222,-16.778,138.11,0.18736,-2.2786,-1
222,38,9,0.11111,0,0.55556,0.40369,2.1111,0.68853,113.48,100.44,131.44,108.56,-39.111,53.889,-14.778,131.44,0.23576,-2.37,-1
142,33,9,0,0,0.5,0.62361,0.5,0.3496,110.59,96.778,128.67,106.33,-41.444,54.222,-12.778,128.67,0.24778,-2.408,-1
21,90,9,0,0,0.66667,0.044444,0.77778,0.56296,113.48,105.89,128.56,106,-22.778,45.222,-22.444,128.56,0.1797,-2.0978,-1
68,80,9,0,0,1.1667,0.16667,1.7222,1.7074,111.07,102.89,127.33,103,-24.556,48.778,-24.222,127.33,0.19805,-2.0987,-1
179,101,9,0,0,0.44445,0.38519,0.61111,0.32963,134.93,126.44,147.22,131.11,-25.444,36.889,-11.444,147.22,0.14111,-2.3287,-1
204,25,9,0,0,0.61111,0.32963,0.83333,0.47778,102.48,88,125.67,93.778,-43.444,69.556,-26.111,125.67,0.29958,-2.2534,-1
238,59,9,0,0,0.83334,0.45947,1.0556,0.68041,121.7,109.22,139,116.89,-37.444,51.889,-14.444,139,0.2142,-2.3642,-1
165,99,9,0,0,0.88889,0.47407,0.77778,0.47407,93.407,79,118,83.222,-43.222,73.778,-30.556,118,0.33042,-2.2078,-1
91,19,9,0,0,1,0.76012,1.4445,0.77936,126.67,115.44,142.44,122.11,-33.667,47.333,-13.667,142.44,0.18953,-2.3528,-1
155,27,9,0,0,1.0556,0.24074,1.4445,0.25185,137.52,132.56,146.56,133.44,-14.889,27.111,-12.222,146.56,0.098472,-2.1467,-1
124,29,9,0,0,1,0.71111,1.0556,0.90742,128.44,119.22,142.89,123.22,-27.667,43.333,-15.667,142.89,0.16562,-2.2711,-1
221,50,9,0,0,0.44444,0.54433,1.4444,0.68853,122.07,109.89,139.78,116.56,-36.556,53.111,-16.556,139.78,0.21381,-2.3257,-1
224,63,9,0,0,0.77778,0.29629,0.66667,0.17778,120.22,108.44,137.56,114.67,-35.333,52,-16.667,137.56,0.21148,-2.3159,-1
210,47,9,0,0,0.5,0.21111,0.66667,0.48889,97.111,82.556,121.44,87.333,-43.667,73,-29.333,121.44,0.3201,-2.2232,-1
181,115,9,0,0,0.22222,0.02963,1.4445,1.2296,132.78,123.22,145.33,129.78,-28.667,37.667,-9,145.33,0.15213,-2.4055,-1
134,54,9,0,0,0.61111,0.64693,1.2222,1.0037,124.37,112.67,141.33,119.11,-35.111,50.889,-15.778,141.33,0.20271,-2.3287,-1
11,50,9,0.11111,0,1.7778,1.0037,1.1111,0.91084,109.26,93.889,130.33,103.56,-46.111,63.222,-17.111,130.33,0.2797,-2.372,-1
247,50,9,0,0,0.44444,0.27217,0.77778,0.34426,121.19,109.22,138.89,115.44,-35.889,53.111,-17.222,138.89,0.21354,-2.3123,-1
44,79,9,0,0,0.44444,0.34426,0.77778,0.40369,107.74,93.889,126.56,102.78,-41.556,56.444,-14.889,126.56,0.25808,-2.378,-1
194,57,9,0,0,0.61111,0.41852,1.1667,0.38889,135.96,129.89,146.22,131.78,-18.222,30.778,-12.556,146.22,0.1117,-2.2151,-1
66,41,9,0,0,0.61111,0.32773,0.38889,0.32773,109.7,95.111,128.89,105.11,-43.778,57.556,-13.778,128.89,0.26205,-2.4047,-1
117,44,9,0,0,1.2778,0.24074,1.3333,0.31111,106,93,126.78,98.222,-39,62.333,-23.333,126.78,0.26639,-2.2556,-1
7,48,9,0,0,0.61111,0.10741,1.3333,0.35556,115.78,107.44,132.44,107.44,-25,50,-25,132.44,0.19711,-2.0906,-1
79,48,9,0,0,1.0556,0.9963,1,0.35556,107.89,94.778,129.11,99.778,-39.333,63.667,-24.333,129.11,0.2659,-2.247,-1
40,57,9,0,0,1.1667,0.72265,1.3889,0.80046,123.56,112.22,139,119.44,-34,46.333,-12.333,139,0.19249,-2.3761,-1
70,44,9,0,0.11111,2.4444,2.0941,2.3333,2.1396,122.59,112,136.89,118.89,-31.778,42.889,-11.111,136.89,0.18182,-2.3847,-1
67,32,9,0,0,0.94444,1.0628,1.7778,1.3109,126.22,115.11,142.22,121.33,-33.333,48,-14.667,142.22,0.19062,-2.3338,-1
103,64,9,0,0,0.66667,0.6992,1.3333,0.91894,108.78,96.333,126.22,103.78,-37.333,52.333,-15,126.22,0.2368,-2.3554,-1
217,45,9,0.11111,0,0.88889,0.20741,1.5556,0.82963,121.52,111.11,137.33,116.11,-31.222,47.444,-16.222,137.33,0.19091,-2.2927,-1
66,41,9,0,0,0.61111,0.32773,0.38889,0.32773,109.7,95.111,128.89,105.11,-43.778,57.556,-13.778,128.89,0.26205,-2.4047,-1
142,33,9,0,0,0.5,0.62361,0.5,0.3496,110.59,96.778,128.67,106.33,-41.444,54.222,-12.778,128.67,0.24778,-2.408,-1
233,64,9,0,0,1,0.8,0.77778,0.20741,92.815,77.222,118.67,82.556,-46.778,77.556,-30.778,118.67,0.34921,-2.2289,-1
183,78,9,0,0,1.0556,0.32963,0.77778,1.2741,135.56,128.67,147,131,-20.667,34.333,-13.667,147,0.12465,-2.2255,-1
94,13,9,0,0,1.0556,0.50741,1.6667,1.2444,141.59,134.89,149.89,140,-20.111,24.889,-4.7778,149.89,0.10009,-2.4493,-1
105,65,9,0,0,0.94444,0.61162,1.5,1.2247,123,111.67,140,117.33,-34,51,-17,140,0.20236,-2.304,-1
121,55,9,0,0,1.5,2.8778,1.4445,1.1852,103.07,90,124.11,95.111,-39.222,63.111,-23.889,124.11,0.2748,-2.251,-1
181,27,9,0,0,0.72222,0.46296,0.5,0.25555,138.07,132.56,146.56,135.11,-16.556,25.444,-8.8889,146.56,0.096263,-2.2645,-1
216,15,9,0,0,0.88889,0.34074,1.2222,0.51852,106.52,90.889,131.11,97.556,-46.889,73.778,-26.889,131.11,0.30674,-2.2664,-1
225,22,9,0,0,0.83333,0.25556,0.72222,0.10741,137.96,133,147,133.89,-14.889,27.111,-12.222,147,0.095184,-2.1583,-1
125,46,9,0.11111,0,0.61111,0.61162,2.1667,0.78173,124.56,112.78,141,119.89,-35.333,49.333,-14,141,0.20012,-2.3577,-1
166,55,9,0,0,1.3889,0.81852,1.1667,0.7,124.11,113.89,139.33,119.11,-30.667,45.667,-15,139.33,0.18262,-2.3082,-1
156,32,9,0,0,0.77777,0.16296,2.6111,1.0407,136.3,129.78,146.33,132.78,-19.556,30.111,-10.556,146.33,0.11306,-2.2808,-1
92,68,9,0,0,1.0556,0.15185,0.77778,0.65185,125.78,115.67,141,120.67,-30.333,45.667,-15.333,141,0.17963,-2.3006,-1
67,32,9,0,0,0.94444,1.0628,1.7778,1.3109,126.22,115.11,142.22,121.33,-33.333,48,-14.667,142.22,0.19062,-2.3338,-1
78,60,9,0,0,0.44445,0.20741,0.77778,0.38519,109.78,99.556,128.22,101.56,-30.667,55.333,-24.667,128.22,0.22336,-2.1669,-1
188,42,9,0,0,0.77778,0.54433,1.6667,1.2649,108.93,95.667,126.22,104.89,-39.778,51.889,-12.111,126.22,0.24193,-2.4104,-1
234,27,9,0.11111,0,0.83334,0.62361,2.0556,1.3567,122.67,111.56,138.67,117.78,-33.333,48,-14.667,138.67,0.19542,-2.3345,-1
37,61,9,0,0,0.61111,0.49065,0.55556,0.27216,109.07,95.111,128.33,103.78,-41.889,57.778,-15.889,128.33,0.25887,-2.3674,-1
252,71,9,0,0,0.72222,0.32963,1.3333,0.71111,89.148,72.778,115.56,79.111,-49.111,79.222,-30.111,115.56,0.3701,-2.2495,-1
174,50,9,0,0,1,0.76011,0.94444,0.95258,107.44,94.667,125.78,101.89,-38.333,55,-16.667,125.78,0.24734,-2.3373,-1
240,16,9,0,0,0.44444,0.16296,1.6667,1.1556,102.52,87.556,125,95,-44.889,67.444,-22.556,125,0.2996,-2.3025,-1
199,66,9,0,0,1.2778,1.5741,1.4444,2.8741,122.56,111,139.78,116.89,-34.667,51.667,-17,139.78,0.2058,-2.3071,-1
9,72,9,0,0,0.77778,0.56296,1.5,0.74445,125.44,114.11,141.11,121.11,-34,47,-13,141.11,0.19129,-2.3662,-1
201,40,9,0,0,1.0556,0.5963,1.5,1.5444,123.78,113.33,139.67,118.33,-31.333,47.667,-16.333,139.67,0.1885,-2.2922,-1
163,43,9,0,0,0.83334,0.43333,0.83334,0.61111,126.48,117.33,140.56,121.56,-27.444,42.222,-14.778,140.56,0.16519,-2.2802,-1
93,29,9,0,0,1.2222,1.2296,1.3889,1.5741,128.48,119,142.78,123.67,-28.444,42.889,-14.444,142.78,0.16648,-2.2978,-1
107,21,9,0,0,0.66666,0.5164,1.1667,0.40825,126.78,115.78,141.89,122.67,-33,45.333,-12.333,141.89,0.18402,-2.3704,-1
156,32,9,0,0,0.77777,0.16296,2.6111,1.0407,136.3,129.78,146.33,132.78,-19.556,30.111,-10.556,146.33,0.11306,-2.2808,-1
157,57,9,0,0,1.2222,0.47407,1.2222,0.82963,124.7,114.22,139.67,120.22,-31.444,44.889,-13.444,139.67,0.18207,-2.3402,-1
180,97,9,0,0,0.94444,0.32963,1,0.66667,134.37,126.56,145.44,131.11,-23.444,33.222,-9.7778,145.44,0.12985,-2.3462,-1
116,54,9,0,0,0.61111,0.44305,1.7222,0.92896,108.85,96.778,126.11,103.67,-36.222,51.778,-15.556,126.11,0.23222,-2.3363,-1
234,58,9,0,0,1.1667,0.38889,1,0.53333,93.148,77.333,118.78,83.333,-47.444,76.889,-29.444,118.78,0.34886,-2.2463,-1
108,75,9,0.11111,0,0.66667,0.4714,11.111,10.015,116.7,105.89,133,111.22,-32.444,48.889,-16.444,133,0.20299,-2.2955,-1
192,40,9,0,0,1.2222,0.20741,1.3333,0.48889,124.63,114.44,140.56,118.89,-30.556,47.778,-17.222,140.56,0.18575,-2.2702,-1
155,80,9,0,0,1,0.17778,1.4445,0.69629,96.333,82.444,119.33,87.222,-41.667,69,-27.333,119.33,0.30906,-2.2287,-1
7,18,9,0,0,1.2778,0.72963,0.94444,0.37408,138.63,133.33,147.56,135,-15.889,26.778,-10.889,147.56,0.096352,-2.2146,-1
97,63,9,0,0,0.72222,0.44305,0.33333,0.21082,108.93,96.222,126.11,104.44,-38.111,51.556,-13.444,126.11,0.23689,-2.3824,-1
6,54,9,0,0,0.61111,0.10741,0.94444,0.55185,116.78,109.11,132.44,108.78,-23,47,-24,132.44,0.18115,-2.0791,-1
173,113,9,0,0,0.5,0.3,1.3333,1.0667,133.11,124.67,145.67,129,-25.333,37.667,-12.333,145.67,0.14413,-2.3096,-1
80,40,9,0,0,0.61111,0.57413,0.72222,0.7722,110.7,96.222,129,106.89,-43.444,54.889,-11.444,129,0.25405,-2.4347,-1
254,57,9,0,0,0.94444,0.77407,1.3889,1.0407,135.78,129.44,146.67,131.22,-19,32.667,-13.667,146.67,0.11873,-2.1874,-1
125,46,9,0.11111,0,0.61111,0.61162,2.1667,0.78173,124.56,112.78,141,119.89,-35.333,49.333,-14,141,0.20012,-2.3577,-1
245,23,9,0,0,0.66667,0.36515,1.1667,1.2247,123,111,139.78,118.22,-36,50.333,-14.333,139.78,0.2059,-2.3563,-1
53,78,9,0.11111,0,1.2222,1.0256,2.6667,2.2901,106.85,93.222,125.67,101.67,-40.889,56.444,-15.556,125.67,0.25818,-2.3681,-1
107,21,9,0,0,0.66666,0.5164,1.1667,0.40825,126.78,115.78,141.89,122.67,-33,45.333,-12.333,141.89,0.18402,-2.3704,-1
174,59,9,0,0,0.83334,0.3496,1.3333,0.8165,122.04,110.56,138.78,116.78,-34.444,50.222,-15.778,138.78,0.20333,-2.3232,-1
63,13,9,0,0,0.61111,0.19629,1.1667,1.0111,132.26,122.78,145.44,128.56,-28.444,39.556,-11.111,145.44,0.15582,-2.3604,-1
146,62,9,0,0,0.88889,0.20741,1,0.35556,99.667,85.667,121.44,91.889,-42,65.333,-23.333,121.44,0.29458,-2.2771,-1
36,21,9,0,0,1,0.79999,1.3333,0.48889,129.85,120.67,142.56,126.33,-27.556,38.111,-10.556,142.56,0.1535,-2.3649,-1
190,45,9,0,0,0.66667,0.66667,0.77778,0.54433,108.96,95.889,126.89,104.11,-39.222,53.778,-14.556,126.89,0.24429,-2.3718,-1
238,55,9,0,0,0.72222,0.49065,1,0.55777,113.67,101,132.22,107.78,-38,55.667,-17.667,132.22,0.23589,-2.3197,-1
92,104,9,0,0,1.7222,1.4363,1.8333,1.3784,100.52,87.222,119.89,94.444,-39.889,58.111,-18.222,119.89,0.2724,-2.3262,-1
7,18,9,0,0,1.2778,0.72963,0.94444,0.37408,138.63,133.33,147.56,135,-15.889,26.778,-10.889,147.56,0.096352,-2.2146,-1
75,49,9,0,0,0.83334,0.38889,1.1667,0.7,127.41,117,143.11,122.11,-31.222,47.111,-15.889,143.11,0.1824,-2.2978,-1
102,30,9,0,0,0.94445,0.87982,0.61111,0.7722,125.41,115.11,141,120.11,-30.889,46.778,-15.889,141,0.18357,-2.296,-1
77,36,9,0,0,0.55556,0.17214,1.0556,0.64693,111.93,98.222,130.33,107.22,-41.111,55.222,-14.111,130.33,0.24634,-2.3874,-1
189,107,9,0,0,1,1.2889,1.0556,0.41852,133.67,125.78,145.22,130,-23.667,34.667,-11,145.22,0.13383,-2.3174,-1
108,59,9,0,0,0.5,0.16667,1.0556,0.28519,126.15,116.56,140.44,121.44,-28.778,42.889,-14.111,140.44,0.17009,-2.3086,-1
190,96,9,0,0,0.38889,0.1963,0.94444,0.41852,90.815,76,115.67,80.778,-44.444,74.556,-30.111,115.67,0.34294,-2.22,-1
235,22,9,0,0,1.1667,0.38888,1,0.48888,137.63,132.11,147.89,132.89,-16.556,30.778,-14.222,147.89,0.10966,-2.1462,-1
49,40,9,0,0,1,0.42163,0.83333,0.72265,125.11,114,141.56,119.78,-33.333,49.333,-16,141.56,0.19454,-2.3137,-1
27,62,9,0,0,1.1111,0.56296,1.6667,1.3333,125.33,115.78,139.44,120.78,-28.667,42.333,-13.667,139.44,0.16964,-2.3142,-1
213,14,9,0,0,1.0556,0.57413,1.6667,1.3333,117,104.22,134.11,112.67,-38.333,51.333,-13,134.11,0.22286,-2.3904,-1
104,41,9,0,0,0.38889,0.32773,0.83333,0.5869,112.11,99,129.33,108,-39.333,51.667,-12.333,129.33,0.23449,-2.4046,-1
131,15,9,0.11111,0,0.88889,1.0519,1.8889,2.163,130.15,119.67,145.33,125.44,-31.444,45.556,-14.111,145.33,0.17649,-2.325,-1
58,19,9,0,0,1.6111,0.41852,1.5,1.2778,129.93,121,142.67,126.11,-26.778,38.222,-11.444,142.67,0.15181,-2.3408,-1
228,20,9,0,0,1.0556,0.49066,0.83333,0.75277,125,114,140.56,120.44,-33,46.667,-13.667,140.56,0.18889,-2.348,-1
217,23,9,0,0,1.0556,0.61162,1.1667,0.54772,124.44,111.89,141.67,119.78,-37.667,51.667,-14,141.67,0.21016,-2.3706,-1
73,31,9,0,0,0.55556,0.45542,0.88889,0.34426,126.85,115.56,143.11,121.89,-33.889,48.778,-14.889,143.11,0.19246,-2.3348,-1
184,15,9,0,0,0.44444,0.25185,0.77777,0.11852,140.78,134.33,150.11,137.89,-19.333,28,-8.6667,150.11,0.10507,-2.3285,-1
103,64,9,0,0,0.66667,0.6992,1.3333,0.91894,108.78,96.333,126.22,103.78,-37.333,52.333,-15,126.22,0.2368,-2.3554,-1
221,35,9,0,0,0.66667,0.13333,0.94445,0.10741,98.741,83.333,122.56,90.333,-46.222,71.444,-25.222,122.56,0.32001,-2.2808,-1
152,18,9,0,0,0.77778,0.45542,0.55556,0.27216,112.11,97.222,130.44,108.67,-44.667,55,-10.333,130.44,0.25467,-2.455,-1
179,63,9,0,0,1,0.5164,6.2222,5.6752,105.59,92.667,123.22,100.89,-38.778,52.889,-14.111,123.22,0.24814,-2.3753,-1
67,40,9,0,0,0.66666,0.5164,0.66667,0.6992,110.04,95.333,129,105.78,-44.111,56.889,-12.778,129,0.26097,-2.4195,-1
82,51,9,0,0,0.61111,0.44305,0.61111,0.74287,123.19,111.78,138.89,118.89,-34.222,47.111,-12.889,138.89,0.1952,-2.3685,-1
127,57,9,0.11111,0,0.94444,0.71233,1.6111,1.1039,124.26,113,140.33,119.44,-33.778,48.222,-14.444,140.33,0.19475,-2.3412,-1
243,41,9,0,0,1,0.35556,0.27778,0.15185,135.22,128.44,145.89,131.33,-20.333,32,-11.667,145.89,0.11953,-2.2702,-1
51,56,9,0,0,0.88889,0.16296,0.72222,0.10741,126.44,116.22,141.67,121.44,-30.667,45.667,-15,141.67,0.17948,-2.3077,-1
181,87,9,0,0,1.2222,0.47407,0.77778,0.20741,135.41,127.89,146.44,131.89,-22.556,33.111,-10.556,146.44,0.12657,-2.3129,-1
164,45,9,0,0,1.0556,0.5963,1,0.22222,101.93,88.111,124.56,93.111,-41.444,67.889,-26.444,124.56,0.2925,-2.2383,-1
80,40,9,0,0,0.61111,0.57413,0.72222,0.7722,110.7,96.222,129,106.89,-43.444,54.889,-11.444,129,0.25405,-2.4347,-1
51,15,9,0,0,0.72223,0.28519,1.2222,0.78518,132.22,123,145.33,128.33,-27.667,39.333,-11.667,145.33,0.15362,-2.341,-1
93,29,9,0,0,1.2222,1.2296,1.3889,1.5741,128.48,119,142.78,123.67,-28.444,42.889,-14.444,142.78,0.16648,-2.2978,-1
236,42,9,0,0,0.72222,0.46296,1.3889,1.4408,135.3,128.11,146.44,131.33,-21.556,33.444,-11.889,146.44,0.12514,-2.2822,-1
235,35,9,0,0,0.44444,0.2963,1.2222,0.60741,97.926,83,122,88.778,-44.778,72.222,-27.444,122,0.3195,-2.2482,-1
86,33,9,0,0,1.1667,0.61111,0.61111,0.1963,109.89,96.778,130.56,102.33,-39.333,62,-22.667,130.56,0.2586,-2.2662,-1
44,20,9,0,0,0.61111,0.062963,1.4444,0.56296,113.85,102.67,132.33,106.56,-33.556,55.444,-21.889,132.33,0.22414,-2.2318,-1
56,32,9,0,0,0.94444,0.41852,0.83333,0.65556,112.04,99.222,132.56,104.33,-38.444,61.556,-23.111,132.56,0.25142,-2.2557,-1
139,16,9,0,0,0.66667,0.35556,0.94445,0.062963,140.41,134.67,149.89,136.67,-17.222,28.444,-11.222,149.89,0.10153,-2.2329,-1
245,47,9,0,0,0.83333,0.12222,1,0.48889,134.78,127.44,145.78,131.11,-22,33,-11,145.78,0.12571,-2.3024,-1
224,34,9,0,0,1.3333,0.96609,1,0.63245,123.22,111.44,140,118.22,-35.333,50.333,-15,140,0.20392,-2.3434,-1
84,40,9,0,0,1.1667,0.16667,1.2222,2.1185,127.41,117.44,142.22,122.56,-29.889,44.444,-14.556,142.22,0.17421,-2.3088,-1
89,43,9,0,0,1.0556,0.32963,0.88889,0.34074,107.15,94.111,128.22,99.111,-39.111,63.222,-24.111,128.22,0.26602,-2.2479,-1
50,50,9,0,0,0.77778,0.65546,0.77778,0.50185,124.11,113.11,140.89,118.33,-33,50.333,-17.333,140.89,0.19716,-2.2883,-1
151,57,9,0,0,1.0556,0.77407,1.6111,0.41852,100.44,86.222,122.22,92.889,-42.667,65.333,-22.667,122.22,0.29452,-2.2881,-1
242,57,9,0,0,1.2222,0.78518,1,0.31111,92.926,76.444,119.33,83,-49.444,79.222,-29.778,119.33,0.35934,-2.2542,-1
21,90,9,0,0,0.66667,0.044444,0.77778,0.56296,113.48,105.89,128.56,106,-22.778,45.222,-22.444,128.56,0.1797,-2.0978,-1
122,11,9,0,0,1,0.31112,2.8889,5.0519,143.44,136.89,150.89,142.56,-19.667,22.333,-2.6667,150.89,0.092773,-2.5217,-1
126,20,9,0,0,1,1.1926,1.1667,1.1499,126.56,115.67,142.33,121.67,-32.667,47.333,-14.667,142.33,0.18729,-2.328,-1
143,24,9,0,0,1.2778,0.90741,0.88889,1.1407,127.63,117.67,141.67,123.56,-29.889,42.111,-12.222,141.67,0.1694,-2.3493,-1
218,178,9,0.11111,0,0.83333,0.54772,1.1111,0.54433,59.63,52.444,75.222,51.222,-21.556,46.778,-25.222,75.222,0.319,-2.0406,1
32,173,9,0,0,1.7222,1.7816,9,6.7495,43.593,39.556,52.889,38.333,-12.111,27.889,-15.778,52.889,0.26691,-1.9989,1
61,197,9,0,0,1.4444,1.5154,2.6111,1.9255,49.593,44.222,61.556,43,-16.111,35.889,-19.778,61.556,0.30293,-2.0223,1
149,185,9,0,0,1.5556,1.068,3.0556,1.9255,49.333,45.333,59.556,43.111,-12,30.667,-18.667,59.556,0.27589,-1.9528,1
86,197,9,0.11111,0.11111,1.6111,1.4517,1.2778,1.1039,63.222,56.222,77.778,55.667,-21,43.667,-22.667,77.778,0.28533,-2.068,1
203,182,9,0,0,3.7222,2.577,3.6111,1.7051,54.926,49.444,68.111,47.222,-16.444,39.556,-23.111,68.111,0.30672,-1.9804,1
5,210,9,0,0.11111,2.1667,1.67,4.4444,2.6134,51.296,45.444,64.333,44.111,-17.556,39.111,-21.556,64.333,0.31757,-2.0209,1
63,201,9,0,0,2.1111,1.7342,2.5,1.6566,61.63,54.889,76.444,53.556,-20.222,44.444,-24.222,76.444,0.29921,-2.0341,1
50,199,9,0,0,3.2222,2.9789,5.6111,4.616,55.667,49.111,69.778,48.111,-19.667,42.333,-22.667,69.778,0.31241,-2.0454,1
54,176,9,0,0,2.1111,0.68853,2.6667,2.6915,50.667,46,62.667,43.333,-14,36,-22,62.667,0.30857,-1.9514,1
215,182,9,0,0,2.5556,1.4707,2.7222,1.9823,54.185,48.556,67.222,46.778,-16.889,39.111,-22.222,67.222,0.30405,-2.0041,1
110,182,9,0,0,2.3889,1.794,2.5556,1.5587,46.37,42.667,56.333,40.111,-11.111,29.889,-18.778,56.333,0.28765,-1.9301,1
235,196,9,0,0,1.6667,1.3333,2.2222,1.1483,47.259,41.778,58.556,41.444,-16.444,33.889,-17.444,58.556,0.29424,-2.0746,1
4,210,9,0,0,4.7222,4.0189,5.7222,2.185,49.741,44.222,62.222,42.778,-16.556,37.444,-20.889,62.222,0.31428,-2.0144,1
175,188,9,0,0,3,2.5734,2.3333,1.2996,55.778,49.667,69.111,48.556,-18.333,40,-21.667,69.111,0.29629,-2.0397,1
153,192,9,0,0,3.3889,1.7816,7.4444,4.1348,53.444,47.333,65,48,-18.333,34.667,-16.333,65,0.27272,-2.1642,1
123,183,9,0,0,1.1111,0.65185,6.3333,36.933,32.259,29.444,39.111,28.222,-8.4444,20.556,-12.111,39.111,0.26644,-1.9708,1
129,184,9,0.11111,0,2.2222,0.91084,3.6111,1.8186,45.222,41.778,54.444,39.444,-10.333,27.667,-17.333,54.444,0.27582,-1.9302,1
151,163,9,0,0,2.0556,2.2852,18.167,41.989,40,34.556,48,37.444,-16.333,24,-7.6667,48.111,0.26385,-2.5175,1
223,175,9,0,0,3.7778,3.1246,7.1667,4.6892,57.852,50.778,72.778,50,-21.222,44.778,-23.556,72.778,0.31283,-2.0593,1
93,190,9,0,0,5.5,1.8227,2.6111,3.2346,53.593,47.333,66.889,46.556,-18.778,39.889,-21.111,66.889,0.3036,-2.0526,1
205,194,9,0,0,1.6111,1.2003,5.3889,3.0435,41.296,37.111,50.444,36.333,-12.556,27.444,-14.889,50.444,0.28056,-2.0376,1
156,188,9,0,0,4.2778,2.3134,5,3.7476,61.259,55.111,75.667,53,-18.444,43.222,-24.778,75.667,0.30024,-1.9977,1
62,200,9,0,0,2.2778,2.1335,3.7778,1.7847,61.037,54.111,76.444,52.556,-20.778,46.222,-25.444,76.444,0.31254,-2.0266,1
23,172,9,0,0,1.3333,0.89443,9.1667,5.8566,42.333,38,51.222,37.778,-13,26.667,-13.667,51.222,0.26545,-2.1266,1
142,182,9,0,0,2.5,1.1,2.2778,3.6185,34.519,31.556,42.222,29.778,-8.8889,23.111,-14.222,42.222,0.29321,-1.943,1
38,189,9,0,0,1,0.22222,6.2222,33.319,29.074,26.333,35.222,25.667,-8.2222,18.444,-10.222,35.222,0.27121,-2.0492,1
86,193,9,0,0,3.2778,1.6522,2.2222,1.8094,61.407,53.667,76.556,54,-23.222,45.444,-22.222,76.556,0.29958,-2.1094,1
62,202,9,0,0,2.5556,1.7084,1.5,1.1304,60.481,53.667,74.889,52.889,-20.444,43.222,-22.778,74.889,0.29788,-2.0606,1
198,183,9,0,0,1.0556,1.1817,3.3889,1.5975,54.037,48.889,66.556,46.667,-15.444,37.556,-22.111,66.556,0.29862,-1.975,1
24,205,9,0,0,2.2222,1.587,2.3889,2.4892,56.074,49.778,69.778,48.667,-18.889,41.111,-22.222,69.778,0.30391,-2.0383,1
13,191,9,0,0,3.5556,5.4074,7.7778,40.03,25.296,23.556,29.889,22.444,-5.2222,13.778,-8.5556,30.111,0.23711,-1.8583,1
20,189,9,0,0,1.7222,1.7518,2.6667,3.8222,34.111,30.111,42.778,29.444,-12,26,-14,42.778,0.30988,-2.0443,1
251,173,9,0.11111,0,2.1667,1.8349,2.3889,1.2368,56.778,49.889,71.556,48.889,-20.667,44.333,-23.667,71.556,0.31837,-2.0482,1
181,162,9,0,0,2.6667,7.1555,13.389,9.6629,42.185,36.444,51.333,38.778,-17.222,27.444,-10.222,51.333,0.28552,-2.3275,1
85,200,9,0,0,4.5,4.3243,6.0556,4.3278,58.593,52.222,72.667,50.889,-19.111,42.222,-23.111,72.667,0.30018,-2.0288,1
202,193,9,0,0,1.1111,0.75031,3.3889,2.4892,41.704,37.889,50.667,36.556,-11.444,26.889,-15.444,50.667,0.27839,-1.993,1
64,196,9,0,0,2.6667,2.3758,3.4444,2.2771,49.889,44.333,61.444,43.889,-16.667,34.667,-18,61.444,0.29,-2.0639,1
38,202,9,0,0,2.1667,1.0698,8.3333,2.5122,57.333,50.222,71.556,50.222,-21.333,42.667,-21.333,71.556,0.30251,-2.0938,1
189,184,9,0,0.11111,1.6667,0.84327,2.7778,2.0074,50.593,45.889,62.333,43.556,-14.111,35.222,-21.111,62.333,0.30095,-1.9645,1
250,176,9,0,0.11111,1.6111,1.0628,3.4444,1.6953,53.667,47.111,67.667,46.222,-19.667,42,-22.333,67.667,0.31814,-2.0523,1
18,204,9,0,0,2.5556,1.2049,2.7778,1.1483,57.889,51.444,72,50.222,-19.333,42.333,-23,72,0.30252,-2.0385,1
132,182,9,0,0,0.88889,0.65546,2.1111,1.7722,43.519,40.222,52.556,37.778,-9.8889,27.111,-17.222,52.556,0.28076,-1.9174,1
93,195,9,0,0,1.8333,1.2065,4.0556,2.1231,61.593,54.667,76.667,53.444,-20.778,45.222,-24.444,76.667,0.30559,-2.0371,1
28,204,9,0,0,2,1.7638,3.2222,2.0834,55.889,49.778,69.222,48.667,-18.333,40,-21.667,69.222,0.29685,-2.0374,1
167,189,9,0,0,3.7778,2.2377,3.7778,1.5444,58.407,51.333,72.444,51.444,-21.222,42.111,-20.889,72.444,0.29552,-2.1013,1
106,191,9,0,0,3.1667,3.0313,2.8333,2.8964,63,55.111,79.556,54.333,-23.667,49.667,-26,79.556,0.31752,-2.0623,1
52,196,9,0,0,1.4444,1.3278,6.7778,4.1882,46.074,40.444,57.111,40.667,-16.889,33.111,-16.222,57.111,0.29405,-2.1057,1
112,197,9,0,0,4.2222,2.9938,4.9444,3.1228,50.333,44.667,62.222,44.111,-17,35.667,-18.667,62.222,0.29633,-2.0712,1
185,188,9,0,0,1.7778,1.1287,2,1.2472,50.185,45,62.111,43.444,-15.556,35.778,-20.222,62.111,0.30043,-2.0074,1
160,187,9,0.11111,0,2.6111,1.937,5.1111,3.5381,49.481,44.667,60.889,42.889,-14.444,34.222,-19.778,60.889,0.29734,-1.9906,1
190,162,9,0,0,2.1111,3.9852,13.944,155.13,41.333,35,51.111,37.889,-19,29.333,-10.333,51.333,0.29847,-2.4946,1
166,182,9,0,0,3.0556,4.2133,4,2.3664,58.407,52.556,72.556,50.111,-17.556,42.444,-24.889,72.556,0.3112,-1.9785,1
191,180,9,0.11111,0,3.5556,1.1863,2.2222,1.1089,60.074,53.222,75.444,51.556,-20.556,46.111,-25.556,75.444,0.31801,-2.0221,1
133,181,9,0,0,2.3889,2.1645,4.7778,2.8649,41.259,37.778,49.556,36.444,-10.444,24.889,-14.444,49.556,0.26562,-1.9984,1
151,163,9,0,0,2.0556,2.2852,18.167,41.989,40,34.556,48,37.444,-16.333,24,-7.6667,48.111,0.26385,-2.5175,1
170,189,9,0,0,2.2778,1.3236,2.4444,1.7847,51.111,45.778,63.333,44.222,-16,36.667,-20.667,63.333,0.30135,-2.0089,1
42,201,9,0,0,2.1111,2.0184,4.3333,4.7235,59.333,52.556,74,51.444,-20.333,44,-23.667,74,0.30661,-2.0425,1
129,188,9,0,0,3.6667,2.0111,4.6111,2.4076,61.074,53.778,76,53.444,-21.889,44.778,-22.889,76,0.30013,-2.0791,1
70,177,9,0,0,2.1667,1.0698,1.6667,1.1738,49.444,45,61,42.333,-13.333,34.667,-21.333,61,0.30596,-1.9427,1
181,186,9,0.11111,0,2.9444,2.7114,2.0556,1.6788,48.815,44.111,60.444,41.889,-14.111,34.889,-20.778,60.444,0.30703,-1.9685,1
118,182,9,0.11111,0,1.7778,1.2939,2.5,1.426,45,41.667,54.333,39,-10,28,-18,54.333,0.28187,-1.9107,1
236,193,9,0,0,2.6667,1.6866,4.0556,3.2756,49.111,43.333,61.222,42.778,-17.333,36.333,-19,61.222,0.30314,-2.0654,1
89,195,9,0.11111,0,2.7222,1.8669,3.1667,1.8227,61.741,55.111,76.556,53.556,-19.889,44.444,-24.556,76.556,0.30023,-2.0209,1
253,192,9,0,0,2.1667,2.0083,2.5556,1.5444,47.519,42.333,59.222,41,-15.556,35.111,-19.556,59.222,0.30747,-2.0202,1
110,196,9,0,0.11111,3.6667,1.8619,6.8889,4.861,52.481,46.889,65,45.556,-16.778,37.556,-20.778,65,0.29763,-2.0226,1
133,182,9,0,0,2.5,5.4555,8.6667,71.245,29.778,27.222,35.444,26.667,-7.6667,17,-9.3333,35.889,0.25608,-2.2177,1
45,188,9,0,0,2.4444,2.7407,3.1111,7.5407,33.333,29.667,41.333,29,-11,24,-13,41.333,0.29986,-2.0407,1
18,209,9,0,0.11111,2.6111,0.71233,4.5556,2.6722,48.778,43,60.778,42.556,-17.333,36,-18.667,60.778,0.30298,-2.067,1
4,201,9,0,0.22222,2.7222,1.6789,5.2222,3.1246,53.704,47.111,67.222,46.778,-19.778,40.556,-20.778,67.222,0.30886,-2.0752,1
167,190,9,0,0,3.0556,0.85418,5.0556,2.7842,51.074,44.889,63.222,45.111,-18.556,36.444,-17.889,63.222,0.29896,-2.1127,1
165,186,9,0,0,2.5556,1.5729,2,1.1738,49.519,45.111,61.111,42.333,-13.222,34.778,-21.556,61.111,0.30726,-1.9408,1
195,161,9,0,0,2.1111,1.8074,10.5,91.322,41.481,36,51.111,37.333,-16.444,28.889,-12.444,51.222,0.29471,-2.3165,1
115,195,9,0,0,3.8333,2.9571,3.9444,1.7051,57.111,51.333,70.111,49.889,-17.333,39,-21.667,70.111,0.28836,-2.0156,1
42,203,9,0,0,0.94444,0.64693,6.0556,2.4623,54.519,48.667,67.111,47.778,-17.556,37.778,-20.222,67.111,0.28979,-2.0465,1
123,187,9,0,0,2.6667,1.8499,3.4444,1.6555,58.667,52.556,72.556,50.889,-18.333,41.667,-23.333,72.556,0.29855,-2.0135,1
161,190,9,0,0,3.7778,2.0941,4.5556,3.7278,58.111,51.667,71.111,51.556,-19.333,39,-19.667,71.111,0.28592,-2.1029,1
107,191,9,0,0,3.7222,2.9994,2.8889,2.7862,62.037,54.444,78.111,53.556,-22.778,48.222,-25.444,78.111,0.31468,-2.0561,1
229,175,9,0,0,1.1667,0.52222,5.6667,26.133,33,29,41,29,-12,24,-12,41,0.28683,-2.0912,1
88,180,9,0,0,1.5,0.9369,3.8333,2.8887,50.407,45.222,62.333,43.667,-15.556,35.778,-20.222,62.333,0.30092,-2.0087,1
86,193,9,0,0,3.2778,1.6522,2.2222,1.8094,61.407,53.667,76.556,54,-23.222,45.444,-22.222,76.556,0.29958,-2.1094,1
174,181,9,0,0,3.2778,3.1511,4.1667,2.7869,59.074,52.333,74.222,50.667,-20.222,45.444,-25.222,74.222,0.31734,-2.0209,1
244,194,9,0,0,1.7222,1.1434,2.2778,2.0376,49.741,44.444,61.667,43.111,-15.889,35.778,-19.889,61.667,0.30085,-2.0218,1
190,186,9,0,0.11111,2.7222,2.2452,6.0556,2.816,50.074,45.667,60.222,44.333,-13.222,30.444,-17.222,60.222,0.2662,-2.0288,1
102,179,9,0.11111,0,1.8333,1.5312,2.4444,1.8817,49.185,44.889,59.778,42.889,-12.889,31.778,-18.889,59.778,0.28269,-1.9704,1
225,181,9,0,0,1.1667,0.86281,1.8333,1.3292,55.333,49,68.778,48.222,-19,40.333,-21.333,68.778,0.30001,-2.0532,1
176,187,9,0,0,1.7778,1.6009,2.3333,2.0221,54.778,49,68,47.333,-17.333,39.667,-22.333,68,0.30413,-2.0096,1
25,208,9,0,0,5.7222,4.8416,6.3333,3.5528,55.63,48.222,70.333,48.333,-22.222,44.111,-21.889,70.333,0.3206,-2.0946,1
201,161,9,0,0,2.5556,0.51852,11.5,96.656,41.815,35.778,51.444,38.222,-18.111,28.889,-10.778,51.444,0.30298,-2.339,1
28,188,9,0,0,1.4444,1.4963,5.1111,19.007,29.963,26.889,36.444,26.556,-9.2222,19.444,-10.222,36.444,0.27586,-2.0836,1
180,162,9,0,0,3.1111,5.763,12.944,9.3963,41.481,35.667,50.556,38.222,-17.444,27.222,-9.7778,50.556,0.29111,-2.3354,1
252,195,9,0,0,2.6111,2.0914,3.7222,2.2052,47.667,42.444,58.778,41.778,-15.667,33.333,-17.667,58.778,0.28879,-2.0517,1
10,190,9,0,0,2.6667,6.9778,2.5,2.6555,32.963,29.333,41.111,28.444,-10.889,24.444,-13.556,41.111,0.30571,-2.02,1
148,192,9,0.11111,0,4,2.1807,4.9444,3.8668,58.111,51.778,72,50.556,-19,41.667,-22.667,72,0.29931,-2.0341,1
204,194,9,0,0,2.6111,1.9255,5.1111,3.4167,41.037,37,49.778,36.333,-12.111,26.222,-14.111,49.778,0.27542,-2.0452,1
140,188,9,0,0,2,2.1082,3.0556,2.4981,61.667,54.444,76.556,54,-21.667,44.667,-23,76.556,0.29562,-2.074,1
180,179,9,0,0,2.2778,2.5074,4.5556,7.2741,35.481,31.333,44.111,31,-12.444,25.889,-13.444,44.111,0.30117,-2.0752,1
182,186,9,0.11111,0,3.6667,2.044,1.7778,1.2413,48.444,43.778,59.889,41.667,-14,34.333,-20.333,59.889,0.30452,-1.9731,1
172,183,9,0,0,2.8889,1.6822,4.0556,3.0726,56.333,50.444,70,48.556,-17.667,41,-23.333,70,0.30547,-1.9976,1
163,180,9,0,0,1.7778,1.1852,9.1667,63.944,30.37,27.444,36.333,27.333,-8.7778,17.889,-9.1111,36.333,0.23849,-2.2171,1
147,193,9,0,0,6.6111,3.605,7.0556,5.4095,51.741,46.556,63,45.667,-15.556,33.778,-18.222,63,0.27527,-2.0802,1
186,162,9,0,0,1.6111,0.5963,12.389,66.819,44.074,37.444,54.667,40.111,-19.889,31.778,-11.889,54.667,0.30151,-2.3867,1
235,196,9,0,0,1.6667,1.3333,2.2222,1.1483,47.259,41.778,58.556,41.444,-16.444,33.889,-17.444,58.556,0.29424,-2.0746,1
239,160,9,0,0,1.8333,0.92222,5.9444,4.5963,45.148,37.889,58.333,39.222,-21.778,39.556,-17.778,58.333,0.35213,-2.163,1
100,194,9,0,0,1.7222,2.5942,3.2222,1.5006,61.556,54.778,76.222,53.667,-20.333,44,-23.667,76.222,0.29591,-2.0427,1
71,197,9,0,0,2.7222,1.8549,4.5556,2.1465,55.444,49.111,69.556,47.667,-19,42.333,-23.333,69.556,0.31474,-2.0243,1
118,180,9,0,0,1.9444,1.482,3.1111,1.0887,48.556,44.111,59,42.556,-13.333,31.333,-18,59,0.27882,-1.996,1
192,162,9,0,0,2.3889,2.1963,14.944,219.57,40.444,34.444,49.444,37.444,-18,27,-9,50.333,0.30781,-2.5736,1
214,161,9,0,0,3.7222,0.72963,11.5,18.922,40.444,35.333,49.667,36.333,-15.333,27.667,-12.333,49.667,0.29806,-2.1989,1
179,162,9,0,0,1.9444,1.3074,14.056,5.9296,40.296,34.667,49.222,37,-16.889,26.778,-9.8889,49.222,0.28965,-2.3412,1
252,201,9,0,0,4.6111,5.4951,5.5556,5.7953,40.296,35.778,49,36.111,-13.556,26.111,-12.556,49,0.27537,-2.1758,1
93,190,9,0,0,5.5,1.8227,2.6111,3.2346,53.593,47.333,66.889,46.556,-18.778,39.889,-21.111,66.889,0.3036,-2.0526,1
223,161,9,0,0,1.3889,3.0407,9,31.022,42.037,36,52.222,37.889,-18.111,30.556,-12.444,52.222,0.30842,-2.2823,1
234,194,9,0,0.22222,1.4445,1.9513,3.8333,3.0894,48.63,43,60.333,42.556,-16.889,35.111,-18.222,60.333,0.29837,-2.0719,1
76,200,9,0,0,2.7778,0.77936,4.3333,2.8829,56.37,50.444,69.667,49,-17.778,39.889,-22.111,69.667,0.29684,-2.0212,1
142,182,9,0,0,2.5,1.1,2.2778,3.6185,34.519,31.556,42.222,29.778,-8.8889,23.111,-14.222,42.222,0.29321,-1.943,1
105,193,9,0,0,3.2222,1.9052,2.8889,2.1773,60.111,53.111,75.111,52.111,-21,45,-24,75.111,0.30846,-2.0478,1
205,190,9,0,0,1.2778,0.99814,1.6111,1.1238,49.481,44.778,60.667,43,-14.111,33.556,-19.444,60.667,0.29079,-1.9876,1
47,189,9,0,0,2.2778,4.5519,5.8889,14.607,29.63,26.778,36.556,25.556,-8.5556,20.778,-12.222,36.556,0.29741,-1.9546,1
62,177,9,0,0,1.2778,0.87982,1.6667,0.94281,51.074,46.333,63.111,43.778,-14.222,36.111,-21.889,63.111,0.30622,-1.956,1
134,187,9,0,0,1.8889,1.5154,2.1111,1.7847,59.37,52.667,74.111,51.333,-20.111,44.222,-24.111,74.111,0.30746,-2.0335,1
23,188,9,0,0,1.6667,0.48889,7.3889,37.218,30.593,27.444,37.778,26.556,-9.4444,21.556,-12.111,37.778,0.28415,-2.0145,1
168,187,9,0,0,3.5,2.1679,2.8333,1.6021,58,52.556,71.444,50,-16.333,40.333,-24,71.444,0.29965,-1.9667,1
56,196,9,0,0,2.3889,1.4208,4.4444,4.3902,50.074,44.333,62.222,43.667,-17.222,36.444,-19.222,62.222,0.29796,-2.0547,1
142,183,9,0.11111,0,1,0.86923,1.5556,1.4857,43.185,40.222,52,37.333,-8.8889,26.444,-17.556,52,0.28154,-1.8877,1
67,194,9,0,0,3.7222,1.4969,6.4444,3.9647,58.815,51.778,72.556,52.111,-21.111,41.222,-20.111,72.556,0.28679,-2.1129,1
144,187,9,0,0,1.9444,2.0485,6.2222,3.5129,56.148,49.889,69.667,48.889,-18.778,40.556,-21.778,69.667,0.29995,-2.0439,1
178,185,9,0,0,2.6111,1.8064,3.1111,2.2771,49.037,44,60.667,42.444,-15.111,34.889,-19.778,60.667,0.30004,-2.0062,1
27,189,9,0,0,1,0.31111,2.6111,2.5074,32.778,29,40.667,28.667,-11.333,23.667,-12.333,40.667,0.29784,-2.0643,1
16,190,9,0,0,3.7778,6.8741,8.5556,73.674,29.63,26.111,36.889,25.889,-10.556,21.778,-11.222,36.889,0.30039,-2.1607,1
231,160,9,0,0,2.6111,8.2407,13.167,139.86,40.889,34.111,51.778,36.778,-20.333,32.667,-12.333,51.778,0.33962,-2.3358,1
119,191,9,0,0,3.1111,2.949,5.2222,3.4297,59.593,52.333,75.222,51.222,-21.778,46.889,-25.111,75.222,0.31901,-2.0471,1
53,198,9,0,0,1.7222,1.8549,5.1111,1.6009,51.667,45.556,64.222,45.222,-18.333,37.667,-19.333,64.222,0.29971,-2.0726,1
87,196,9,0.11111,0,1.3333,0.86923,2.2222,1.6689,61.593,55,75.667,54.111,-19.778,42.222,-22.444,75.667,0.28753,-2.0487,1
35,189,9,0,0,2.5556,2.8741,4.5,15.367,31.926,29,38.556,28.222,-8.7778,19.889,-11.111,38.556,0.26298,-2.0222,1
224,190,9,0,0,2.8889,2.1361,3,1.8499,47.481,42.444,58.667,41.333,-15.111,33.556,-18.444,58.667,0.29562,-2.0259,1
116,192,9,0.11111,0,6.0556,2.8238,4.3333,3.0623,57.074,50.333,72.111,48.778,-20.222,45.111,-24.889,72.111,0.32402,-2.0248,1
114,184,9,0,0,0.72222,0.32963,9.3889,28.952,31.185,28.444,37.111,28,-8.2222,17.778,-9.5556,37.111,0.23234,-2.1603,1
187,162,9,0,0,1.5,1.1444,11.667,73.111,43.222,36.778,53.667,39.222,-19.333,31.333,-12,53.667,0.30018,-2.3917,1
77,185,9,0,0,2.9444,7.663,6.2222,32.118,32.556,29.222,39.667,28.778,-10,21.333,-11.333,39.667,0.27036,-2.0853,1
15,189,9,0,0,1.5,0.92222,2,2.8889,32.111,28.333,40.333,27.667,-11.333,24.667,-13.333,40.333,0.31536,-2.038,1
73,194,9,0,0,3.2222,2.3349,4.6111,3.356,60.778,53.444,76.111,52.778,-22,46,-24,76.111,0.30925,-2.0606,1
37,165,9,0,0,2.3889,8.1074,16.444,23.896,35.815,30.778,42.889,33.778,-15.111,21.222,-6.1111,42.889,0.27365,-2.4701,1
134,187,9,0,0,1.8889,1.5154,2.1111,1.7847,59.37,52.667,74.111,51.333,-20.111,44.222,-24.111,74.111,0.30746,-2.0335,1
162,190,9,0,0,3.0556,1.0628,6.1111,5.2182,57.333,51,70,51,-19,38,-19,70,0.27956,-2.1121,1
236,194,9,0,0,2.6667,1.9322,2.4444,1.7971,50.111,44.222,62.444,43.667,-17.667,37,-19.333,62.444,0.30067,-2.0643,1
105,193,9,0,0,3.2222,1.9052,2.8889,2.1773,60.111,53.111,75.111,52.111,-21,45,-24,75.111,0.30846,-2.0478,1
24,172,9,0,0,1.1667,0.91287,9.7778,5.4555,42.037,38,50.333,37.778,-12.111,24.889,-12.778,50.333,0.24984,-2.1437,1
95,191,9,0,0.11111,3.1667,2.7869,6,5.1855,60.259,52.444,76.222,52.111,-23.444,47.889,-24.444,76.222,0.32087,-2.0777,1
36,207,9,0,0,2.7222,3.1792,6.4444,2.8021,56.815,50.444,70.111,49.889,-19.111,39.889,-20.778,70.111,0.29067,-2.0627,1
178,185,9,0,0,2.6111,1.8064,3.1111,2.2771,49.037,44,60.667,42.444,-15.111,34.889,-19.778,60.667,0.30004,-2.0062,1
167,189,9,0,0,3.7778,2.2377,3.7778,1.5444,58.407,51.333,72.444,51.444,-21.222,42.111,-20.889,72.444,0.29552,-2.1013,1
121,192,9,0.11111,0,3.3889,2.0593,5.9444,2.4892,60.815,53.444,76.444,52.556,-22.111,46.889,-24.778,76.444,0.31261,-2.0555,1
53,176,9,0,0,1.9445,0.87982,1.5556,1.9963,50.296,45.444,62.111,43.333,-14.556,35.444,-20.889,62.111,0.30242,-1.9776,1
254,159,9,0,0,3.5556,7.5407,14.833,152.7,36.63,31.333,46.222,32.333,-15.889,28.778,-12.889,46.222,0.29485,-2.3169,1
116,184,9,0,0,2.2222,2.1185,10.611,45.085,31.704,28.778,38,28.333,-8.7778,18.889,-10.111,38.333,0.25072,-2.2155,1
177,190,9,0,0,0.94444,0.82776,1.3889,0.95258,52.407,47.333,64.556,45.333,-15.222,36.444,-21.222,64.556,0.29773,-1.9859,1
60,196,9,0,0,1.4444,1.047,4.4444,1.9963,51.148,45.333,63.333,44.778,-17.444,36.556,-19.111,63.333,0.29769,-2.0593,1
214,194,9,0,0,1.2222,1.0256,3.2222,1.6953,45.074,40.222,55.444,39.556,-14.556,31.111,-16.556,55.444,0.29197,-2.047,1
145,185,9,0.11111,0,2.7778,2.2575,2.2222,1.9513,56.259,49.889,69.889,49,-19.111,40.889,-21.778,69.889,0.30228,-2.0511,1
237,192,9,0.11111,0,0.83333,0.54772,4.3889,3.524,46.37,41.111,57.667,40.333,-15.778,33.889,-18.111,57.667,0.30268,-2.0472,1
139,187,9,0,0,2.0556,1.1238,1.8333,1.0698,60.444,53.667,74.778,52.889,-20.333,43,-22.667,74.778,0.29269,-2.0582,1
4,189,9,0,0,2.0556,3.8852,11.722,114.6,26.444,23.444,33,22.889,-9,19.667,-10.667,33,0.27147,-2.101,1
209,191,9,0,0.11111,3.0556,2.3038,5.7222,6.0715,48.222,43.889,58.667,42.111,-13,31.333,-18.333,58.667,0.27976,-1.9649,1
32,206,9,0,0.11111,2.8333,1.7733,5.6111,2.8081,57.63,50.444,72.111,50.333,-21.556,43.444,-21.889,72.111,0.30568,-2.0859,1
36,189,9,0,0,1.9444,2.463,5.8333,21.589,31.37,28.444,38,27.667,-8.7778,19.889,-11.111,38,0.2663,-2.0204,1
134,194,9,0,0,2.6111,1.2187,5.2222,4.4356,58.963,52.889,71.556,52.444,-18.222,37.778,-19.556,71.556,0.27344,-2.0819,1
196,161,9,0,0,2.7778,5.5407,11.778,93.985,41.963,36.556,51.222,38.111,-16.222,27.778,-11.556,51.333,0.28213,-2.3883,1
235,195,9,0,0,1.8889,2.0941,3,1.7385,48.333,42.778,59.667,42.556,-16.667,34,-17.333,59.667,0.29058,-2.0811,1
183,185,9,0,0,2.8889,1.4247,5.7778,5.5564,44.963,40.667,55,39.222,-12.889,30.111,-17.222,55,0.28574,-2.005,1
217,195,9,0,0,4.2222,3.2841,2.3889,2.102,45.074,39.667,55.556,40,-16.222,31.444,-15.222,55.556,0.29296,-2.1186,1
48,202,9,0,0.11111,3.3889,1.625,4.8333,4.092,58,52,71,51,-18,39,-21,71,0.28452,-2.0459,1
45,205,9,0,0,1.9445,2.1951,3.3333,2.5298,50.259,44.889,61.778,44.111,-16.111,34.556,-18.444,61.778,0.28757,-2.0446,1
173,190,9,0.11111,0,2.3333,2.5647,1.5556,1.2049,50.444,44.889,62.333,44.111,-16.667,35.667,-19,62.333,0.29213,-2.0487,1
174,188,9,0,0,2.8889,2.8803,3.6111,2.2352,50.407,45.444,62,43.778,-14.889,34.778,-19.889,62,0.29399,-1.9951,1
77,199,9,0,0,2.6667,1.8619,4.6667,3.0258,57,50.556,71,49.444,-19.333,42,-22.667,71,0.3035,-2.0409,1
169,186,9,0,0.22222,2.3333,1.66,5.5,2.5188,49.444,44.667,61.111,42.556,-14.333,35,-20.667,61.111,0.30345,-1.9744,1
96,193,9,0,0,1.3333,1.1156,1.8333,1.8469,62.704,54.778,78.778,54.556,-23.778,48.222,-24.444,78.778,0.31029,-2.0849,1
240,192,9,0,0,2.3889,0.64693,4.3889,2.3797,45.963,40.556,58.111,39.222,-16.222,36.444,-20.222,58.111,0.32561,-2.0166,1
78,186,9,0,0,2.8333,2.1222,3.5556,4.2074,35.296,31.222,43.889,30.778,-12.222,25.778,-13.556,43.889,0.30229,-2.0601,1
189,187,9,0,0,1.2222,1.0037,3.0556,2.389,48.519,44.111,59.889,41.556,-13.222,34.111,-20.889,59.889,0.30576,-1.9475,1
190,188,9,0,0,2,1.5635,2.2778,1.7816,49.704,44.667,61.778,42.667,-15.111,36.222,-21.111,61.778,0.30924,-1.9846,1
169,184,9,0.11111,0,1.2222,0.54433,2.5,1.9293,56.259,51.222,69,48.556,-15.111,38.222,-23.111,69,0.2956,-1.958,1
171,187,9,0,0.11111,2.9444,1.731,2.6667,2.4313,48.37,43.333,60.111,41.667,-15.111,35.222,-20.111,60.111,0.30673,-1.9986,1
83,198,9,0,0,2.3889,1.4969,4.8333,3.0093,59.778,53.111,74,52.222,-20,42.667,-22.667,74,0.29631,-2.0506,1
185,186,9,0,0,2.1667,1.8589,3,1.3499,48.222,44,58.889,41.778,-12.667,32,-19.333,58.889,0.29043,-1.956,1
249,178,9,0,0,2.2778,1.7691,5.2222,4.9336,47.963,42.667,58.889,42.333,-15.889,32.778,-16.889,58.889,0.28986,-2.1025,1
249,200,9,0,0,2.5556,2.6218,2.5,1.2065,45.296,40.667,55.778,39.444,-13.889,31.444,-17.556,55.778,0.29278,-2.0166,1
249,173,9,0.11111,0,1.6667,1.6465,3.6111,2.1126,55.185,48.556,69.556,47.444,-19.889,43.111,-23.222,69.556,0.32109,-2.0417,1
114,193,9,0,0,3.1667,2.4653,4.5,2.5011,57.815,51.111,72.556,49.778,-20.111,44.222,-24.111,72.556,0.31409,-2.0338,1
11,200,9,0,0,3.1667,3.0313,3.9444,2.4803,53.556,46.444,67.333,46.889,-21.333,41.333,-20,67.333,0.31303,-2.1167,1
254,159,9,0,0,3.5556,7.5407,14.833,152.7,36.63,31.333,46.222,32.333,-15.889,28.778,-12.889,46.222,0.29485,-2.3169,1
166,180,9,0,0,1.4444,1.5852,7.3333,45.956,31.444,28.667,37.778,27.889,-8.3333,19,-10.667,37.778,0.25295,-2.021,1
214,195,9,0,0,0.83333,0.65828,2,0.96609,46.556,41.111,57.333,41.222,-16.333,32.333,-16,57.333,0.2903,-2.1014,1
180,186,9,0.11111,0,1.5,1.7981,1.9444,1.7816,49.63,45,61.333,42.556,-13.889,35.111,-21.222,61.333,0.30616,-1.9581,1
99,198,9,0,0,5.0556,6.434,5.6667,5.7927,58.333,51.889,72.333,50.778,-19.333,42,-22.667,72.333,0.29965,-2.0359,1
137,190,9,0,0,2.0556,0.74287,2.2778,1.405,60.444,53.444,75.556,52.333,-21,45.333,-24.333,75.556,0.3088,-2.0436,1
187,180,9,0,0,4.0556,2.9845,3.3333,3.1972,62.074,54.889,77.556,53.778,-21.556,46.444,-24.889,77.556,0.30691,-2.0442,1
149,163,9,0,0,2.6111,12.152,14,48.889,41.667,35.444,51.333,38.222,-18.667,29,-10.333,51.333,0.29755,-2.3844,1
87,196,9,0.11111,0,1.3333,0.86923,2.2222,1.6689,61.593,55,75.667,54.111,-19.778,42.222,-22.444,75.667,0.28753,-2.0487,1
228,191,9,0,0,1.4444,0.62063,2.3333,1.1926,49.222,44,60.556,43.111,-15.667,34,-18.333,60.556,0.28958,-2.0405,1
149,182,9,0.11111,0,3.1111,3.2088,7,5.649,39.852,37.222,47.333,35,-7.8889,22.444,-14.556,47.333,0.24779,-1.8683,1
247,159,9,0,0,2.5556,5.0519,15.722,168.95,35.778,30.444,45,31.889,-16,27.667,-11.667,45.444,0.28922,-2.5494,1
248,200,9,0,0,1.3889,0.95258,1.7778,1.1675,46.111,41.333,56.556,40.444,-14.333,31.333,-17,56.556,0.28666,-2.038,1
38,200,9,0,0,3.4444,2.1257,3.4444,1.2049,55.963,49,70.222,48.667,-20.889,42.778,-21.889,70.222,0.30983,-2.0802,1
124,191,9,0,0,3.5,2.7386,3.2778,2.8001,59.741,52.889,74.778,51.556,-20.556,45.111,-24.556,74.778,0.31361,-2.0355,1
205,190,9,0,0,1.2778,0.99814,1.6111,1.1238,49.481,44.778,60.667,43,-14.111,33.556,-19.444,60.667,0.29079,-1.9876,1
135,185,9,0.11111,0,2.2222,2.81,2.2778,1.2896,47.963,44.111,57.333,42.444,-11.556,28.111,-16.556,57.333,0.25919,-1.9821,1
223,190,9,0,0,2,1.0328,2.0556,1.4669,46.889,42,57.778,40.889,-14.667,32.667,-18,57.778,0.29223,-2.0251,1
189,187,9,0,0,1.2222,1.0037,3.0556,2.389,48.519,44.111,59.889,41.556,-13.222,34.111,-20.889,59.889,0.30576,-1.9475,1
198,185,9,0,0,1.3333,1.2293,2.5,1.6566,50.222,45.444,61.333,43.889,-14.333,33.333,-19,61.333,0.28555,-2.0072,1
147,182,9,0,0,2.2778,1.7051,2.9444,1.5975,43.593,40.333,52.556,37.889,-9.7778,26.889,-17.111,52.556,0.27867,-1.9192,1
227,196,9,0,0,2.6111,2.3609,3.5556,1.6953,47.185,42.111,58.222,41.222,-15.222,33.111,-17.889,58.222,0.29247,-2.0395,1
88,180,9,0,0,1.5,0.9369,3.8333,2.8887,50.407,45.222,62.333,43.667,-15.556,35.778,-20.222,62.333,0.30092,-2.0087,1
250,196,9,0,0,1.5,1.5018,2.2778,1.2187,47.778,42.667,58.778,41.889,-15.333,33,-17.667,58.778,0.28914,-2.046,1
226,176,9,0,0,3.0556,3.2756,2.3889,2.8707,56.926,50.444,71.444,48.889,-19.444,43.556,-24.111,71.444,0.31586,-2.0218,1
96,196,9,0,0,3.5,1.2605,7.3889,3.6783,63.519,56,79.111,55.444,-22.556,46.778,-24.222,79.111,0.30159,-2.0704,1
188,182,9,0,0,1.6111,0.74287,4.1667,2.1265,58,51.889,72.444,49.667,-18.333,43.333,-25,72.444,0.31428,-1.9916,1
61,202,9,0,0,2.2778,1.8787,1.8889,1.0037,61.63,55,76,53.889,-19.889,43.111,-23.222,76,0.29353,-2.0435,1
77,186,9,0,0,2,2.6667,2.3333,3.5556,34.963,31.111,43.444,30.333,-11.556,25.444,-13.889,43.444,0.30338,-2.0366,1
214,161,9,0,0,3.7222,0.72963,11.5,18.922,40.444,35.333,49.667,36.333,-15.333,27.667,-12.333,49.667,0.29806,-2.1989,1
145,163,9,0,0,3.1111,13.496,18.667,27.244,39.444,34,47.778,36.556,-16.333,25,-8.6667,48.111,0.28154,-2.4253,1
37,189,9,0,0,1.3889,1.4852,5.7222,23.885,30,27.111,36.333,26.556,-8.6667,19,-10.333,36.333,0.26525,-2.0503,1
143,186,9,0,0,2.3333,2.319,2.7778,2.5269,54.963,49.111,67.889,47.889,-17.556,38.778,-21.222,67.889,0.29625,-2.0286,1
116,184,9,0,0,2.2222,2.1185,10.611,45.085,31.704,28.778,38,28.333,-8.7778,18.889,-10.111,38.333,0.25072,-2.2155,1
202,193,9,0,0,1.1111,0.75031,3.3889,2.4892,41.704,37.889,50.667,36.556,-11.444,26.889,-15.444,50.667,0.27839,-1.993,1
2,171,9,0,0,1.9444,1.2187,3.6667,3.1269,45.778,41,56.333,40,-14.333,31.667,-17.333,56.333,0.28798,-2.0329,1
154,189,9,0,0,1.5556,1.047,1.4444,0.86066,59.926,53.444,74.889,51.444,-19.444,44.889,-25.444,74.889,0.31289,-2.006,1
136,193,9,0,0,2.3889,1.4517,2.5556,1.409,60.704,54.444,74.889,52.778,-18.778,42.556,-23.778,74.889,0.2953,-2.0182,1
77,185,9,0,0,2.9444,7.663,6.2222,32.118,32.556,29.222,39.667,28.778,-10,21.333,-11.333,39.667,0.27036,-2.0853,1
234,175,9,0,0,1.9444,1.3236,3.4444,2.2575,57.778,50.667,72.667,50,-21.333,44.667,-23.333,72.667,0.31204,-2.0638,1
25,198,9,0,0,2.8333,1.3458,4.1111,3.3444,48.704,42.778,61,42.333,-17.778,36.889,-19.111,61,0.30965,-2.0707,1
173,186,9,0,0.11111,3.2222,2.1152,5.5,3.5071,53.444,48.222,65.889,46.222,-15.667,37.333,-21.667,65.889,0.2983,-1.9883,1
99,184,9,0,0,1.8333,3.2778,7.9444,63.352,31.519,27.778,38.778,28,-11.222,21.778,-10.556,38.778,0.28045,-2.1831,1
24,188,9,0,0,1.7222,1.2185,6.6111,38.552,30.63,27.333,38,26.556,-9.8889,22.111,-12.222,38,0.2908,-2.0382,1
169,190,9,0,0,3.1111,1.8094,2.8889,2.0941,52.556,46.889,65,45.778,-17,37.333,-20.333,65,0.29706,-2.0348,1
247,174,9,0.11111,0,3.1111,2.6805,3.1667,1.5456,56.185,49.444,70.889,48.222,-20.222,44.111,-23.889,70.889,0.32302,-2.0374,1
229,195,9,0,0,4.1667,2.2779,4.1111,2.2476,47.704,42.444,58.889,41.778,-15.778,33.556,-17.778,58.889,0.29028,-2.0527,1
123,186,9,0,0,3.6111,3.0289,9.4444,7.9321,51.778,46.556,63.667,45.111,-15.667,35.667,-20,63.667,0.29015,-2.0141,1
182,186,9,0.11111,0,3.6667,2.044,1.7778,1.2413,48.444,43.778,59.889,41.667,-14,34.333,-20.333,59.889,0.30452,-1.9731,1
119,196,9,0,0,2.6667,2.1499,1.3889,1.3567,53.333,47.333,65.667,47,-18,37,-19,65.667,0.29359,-2.0792,1
191,162,9,0,0,2.6111,1.8852,14.167,210.92,40.963,34.889,50.111,37.889,-18.222,27.444,-9.2222,50.667,0.29812,-2.5557,1
252,201,9,0,0,4.6111,5.4951,5.5556,5.7953,40.296,35.778,49,36.111,-13.556,26.111,-12.556,49,0.27537,-2.1758,1
194,183,9,0,0,0.77778,0.58373,2.9444,1.625,54.741,49.222,67.778,47.222,-16.556,39.111,-22.556,67.778,0.30312,-1.9917,1
200,193,9,0,0,2.5556,2.0403,4.6111,3.5927,41.185,37.444,50,36.111,-11.222,26.444,-15.222,50,0.27988,-1.9958,1
117,181,9,0.11111,0,1.8333,1.2428,3,2.0548,46.889,43,56.889,40.778,-11.667,30,-18.333,56.889,0.28329,-1.9491,1
118,180,9,0,0,1.9444,1.482,3.1111,1.0887,48.556,44.111,59,42.556,-13.333,31.333,-18,59,0.27882,-1.996,1
178,183,9,0.11111,0,2.7222,2.3983,4.6667,3.6999,55.741,49.667,69.667,47.889,-18.222,41.778,-23.556,69.667,0.31237,-2.0052,1
250,176,9,0,0.11111,1.6111,1.0628,3.4444,1.6953,53.667,47.111,67.667,46.222,-19.667,42,-22.333,67.667,0.31814,-2.0523,1
112,197,9,0,0,4.2222,2.9938,4.9444,3.1228,50.333,44.667,62.222,44.111,-17,35.667,-18.667,62.222,0.29633,-2.0712,1
2,190,9,0,0,2.5556,1.4519,2.5,2.9667,31.667,28,40.111,26.889,-11,25.333,-14.333,40.111,0.32901,-2.0084,1
103,185,9,0,0,1.8333,4.6556,9.8889,94.918,30.889,27.778,37,27.889,-9.3333,18.333,-9,37.556,0.25044,-2.4506,1
124,191,9,0,0,3.5,2.7386,3.2778,2.8001,59.741,52.889,74.778,51.556,-20.556,45.111,-24.556,74.778,0.31361,-2.0355,1
9,171,9,0,0,1.5,1.0055,2.7778,1.642,45.926,41,57.222,39.556,-14.778,33.889,-19.111,57.222,0.30794,-2.0107,1
166,185,9,0,0,1.9444,0.25092,2,0.21082,54.222,48.556,67.222,46.889,-17,39,-22,67.222,0.30254,-2.008,1
177,181,9,0,0,4.2778,1.731,2.5556,1.4857,60.63,53.667,75.667,52.556,-20.889,45.111,-24.222,75.667,0.30699,-2.0446,1
253,201,9,0,0,3,2.6915,2.8333,2.3357,43.963,39.222,53.889,38.778,-14.222,29.778,-15.556,53.889,0.28083,-2.0679,1
201,183,9,0,0,1.8889,1.9168,2.3333,1.7889,52.63,47.444,65.111,45.333,-15.556,37.444,-21.889,65.111,0.30372,-1.9819,1
233,197,9,0,0.11111,3.8889,2.7862,2,1.2649,49.741,44.333,61.444,43.444,-16.222,35.111,-18.889,61.444,0.29466,-2.0434,1
22,200,9,0,0,2.8889,2.4099,4.8333,2.6225,54.704,47.889,69,47.222,-20.444,42.889,-22.444,69,0.31736,-2.0657,1
4,189,9,0,0,2.0556,3.8852,11.722,114.6,26.444,23.444,33,22.889,-9,19.667,-10.667,33,0.27147,-2.101,1
205,190,9,0,0,1.2778,0.99814,1.6111,1.1238,49.481,44.778,60.667,43,-14.111,33.556,-19.444,60.667,0.29079,-1.9876,1
201,191,9,0,0,1,0.76012,2.9444,1.0202,49.185,44.667,59.778,43.111,-13.556,31.778,-18.222,59.778,0.27889,-1.999,1
137,182,9,0,0,1.8333,3.8556,3.6111,9.2185,34.926,31.444,42.889,30.444,-10.444,23.889,-13.444,42.889,0.28576,-2.0011,1
68,198,9,0,0.11111,2.8889,2.8803,3.0556,2.8707,58.074,51.444,71.889,50.889,-19.889,41.444,-21.556,71.889,0.2913,-2.0649,1
57,199,9,0,0,3.8333,2.6479,6.3889,3.4668,54.963,47.889,69.222,47.778,-21.222,42.778,-21.556,69.222,0.31701,-2.0848,1
86,197,9,0.11111,0.11111,1.6111,1.4517,1.2778,1.1039,63.222,56.222,77.778,55.667,-21,43.667,-22.667,77.778,0.28533,-2.068,1
137,163,9,0,0,1.4444,0.78519,18.889,5.5408,39.296,33.778,47.556,36.556,-16.556,24.778,-8.2222,47.556,0.28481,-2.3952,1
194,178,9,0,0,1.2222,1.0519,8,12.578,33.667,29.667,41.889,29.444,-12,24.667,-12.667,41.889,0.29696,-2.1038,1
229,195,9,0,0,4.1667,2.2779,4.1111,2.2476,47.704,42.444,58.889,41.778,-15.778,33.556,-17.778,58.889,0.29028,-2.0527,1
130,189,9,0.11111,0,2.5,0.98319,2.1111,2.81,58.63,51.778,73.333,50.778,-20.556,44.111,-23.556,73.333,0.30799,-2.0481,1
168,184,9,0,0,4.6667,1.5202,5.8333,1.8105,48.259,43.889,58.667,42.222,-13.111,31.222,-18.111,58.667,0.2782,-1.9868,1
138,185,9,0,0,3.0556,2.9771,1.9444,2.1542,57.074,50.111,71.111,50,-20.889,42.111,-21.222,71.111,0.29802,-2.0888,1
134,191,9,0,0,1.3889,1.3067,1.4444,1.0887,61.667,54.778,76.667,53.556,-20.667,45,-24.333,76.667,0.30299,-2.0413,1
142,163,9,0,0,1.5,0.87778,17.667,3.2445,40.444,35,48.556,37.778,-16.333,24.333,-8,48.556,0.26898,-2.3927,1
1,189,9,0,0,1.3889,0.46296,12.389,84.596,23.593,21.111,29.333,20.333,-7.4444,17.222,-9.7778,29.333,0.2331,-2.0198,1
86,179,9,0,0,2,1.2824,3.5556,3.0744,50.556,45.778,62.111,43.778,-14.333,34.667,-20.333,62.111,0.29655,-1.9787,1
219,176,9,0,0.11111,2.1111,1.8579,5.1111,2.8415,60.296,53.333,75.667,51.889,-20.889,46.111,-25.222,75.667,0.31446,-2.0307,1
252,176,9,0,0.11111,1.8889,1.1483,5.0556,2.8551,52.926,46.333,67,45.444,-19.778,42.222,-22.444,67,0.32042,-2.0516,1
200,189,9,0,0,1.1111,1.0887,3.1667,1.0055,49.667,45.111,60.889,43,-13.667,33.667,-20,60.889,0.29381,-1.9732,1
104,191,9,0,0,3.2222,1.9739,3.7778,2.9034,63.074,55.333,79.222,54.667,-23.222,48.444,-25.222,79.222,0.31159,-2.066,1
186,188,9,0,0,1.8333,1.2605,1.9444,1.2546,49.963,45.111,61.444,43.333,-14.556,34.444,-19.889,61.444,0.29477,-1.9934,1
10,172,9,0,0,4.2778,4.389,6.6667,7.3605,44.778,40.333,54.667,39.333,-13.333,29.667,-16.333,54.667,0.27804,-2.0524,1
188,190,9,0,0,1.9444,0.97563,2.0556,1.1039,48.889,44.222,60,42.444,-14,33.333,-19.333,60,0.29231,-1.9863,1
138,188,9,0,0,2.0556,1.3567,1.1111,0.75031,60.333,53.556,74.889,52.556,-20.333,43.667,-23.333,74.889,0.29951,-2.0472,1
195,161,9,0,0,2.1111,1.8074,10.5,91.322,41.481,36,51.111,37.333,-16.444,28.889,-12.444,51.222,0.29471,-2.3165,1
28,188,9,0,0,1.4444,1.4963,5.1111,19.007,29.963,26.889,36.444,26.556,-9.2222,19.444,-10.222,36.444,0.27586,-2.0836,1
64,176,9,0,0,2.3333,0.91894,1,0.91894,50.778,46,62.333,44,-14.333,34.667,-20.333,62.333,0.29406,-1.9809,1
5,210,9,0,0.11111,2.1667,1.67,4.4444,2.6134,51.296,45.444,64.333,44.111,-17.556,39.111,-21.556,64.333,0.31757,-2.0209,1
137,182,9,0,0,1.8333,3.8556,3.6111,9.2185,34.926,31.444,42.889,30.444,-10.444,23.889,-13.444,42.889,0.28576,-2.0011,1
119,192,9,0.11111,0,2.5,2.0843,6.1667,2.3262,59.556,52.556,74.778,51.333,-21,45.667,-24.667,74.778,0.3128,-2.0382,1
240,195,9,0,0,1.8889,1.1675,1.8333,1.7094,48.852,43.222,60.667,42.667,-16.889,35.444,-18.556,60.667,0.30036,-2.063,1
64,186,9,0,0,2.1667,1.9444,6.8333,53.589,30.778,27.556,37.889,26.889,-9.6667,21.333,-11.667,37.889,0.27673,-2.0463,1
219,176,9,0,0.11111,2.1111,1.8579,5.1111,2.8415,60.296,53.333,75.667,51.889,-20.889,46.111,-25.222,75.667,0.31446,-2.0307,1
77,177,9,0,0,1.3333,1.3333,2.1667,1.9748,48.407,44.222,59.333,41.667,-12.556,32.778,-20.222,59.333,0.29743,-1.9404,1
10,207,9,0,0,2.6111,1.3067,3.1111,3.0086,52.111,46,64.889,45.444,-18.333,38.333,-20,64.889,0.29929,-2.0633,1
244,194,9,0,0,1.7222,1.1434,2.2778,2.0376,49.741,44.444,61.667,43.111,-15.889,35.778,-19.889,61.667,0.30085,-2.0218,1
123,194,9,0,0,2.5556,1.7847,9.1111,7.7134,60.815,54.333,74.889,53.222,-19.444,42.222,-22.778,74.889,0.29238,-2.0336,1
137,182,9,0,0,1.8333,3.8556,3.6111,9.2185,34.926,31.444,42.889,30.444,-10.444,23.889,-13.444,42.889,0.28576,-2.0011,1
197,161,9,0,0,2,5.5556,11.5,99.633,42.37,36.889,51.667,38.556,-16.444,27.889,-11.444,51.778,0.27504,-2.3956,1
65,176,9,0,0,2.8889,1.4707,1.5,1.169,49.741,45.222,61,43,-13.556,33.778,-20.222,61,0.29479,-1.9657,1
141,163,9,0,0,0.77778,0.42963,18.778,1.8518,40.704,35.222,48.889,38,-16.444,24.556,-8.1111,48.889,0.27006,-2.3885,1
227,195,9,0.11111,0,2.5,2.2386,3.5,2.8887,47.741,42.778,58.556,41.889,-14.889,32.444,-17.556,58.556,0.2845,-2.039,1
142,185,9,0.11111,0,2.2778,1.7691,3.1111,1.1675,47.815,43.889,58.222,41.333,-11.778,31.222,-19.444,58.222,0.28914,-1.9379,1
205,177,9,0,0,2.8333,9.6333,8.5,17.367,32.444,28.444,40.333,28.556,-12,23.667,-11.667,40.333,0.29636,-2.1212,1
4,201,9,0,0.22222,2.7222,1.6789,5.2222,3.1246,53.704,47.111,67.222,46.778,-19.778,40.556,-20.778,67.222,0.30886,-2.0752,1
251,195,9,0,0,2.9444,2.8784,3.8333,2.3547,47.926,42.556,59.222,42,-16.111,33.889,-17.778,59.222,0.29188,-2.0567,1
139,185,9,0,0,2,0.63245,1.2222,1.9052,59.148,52.222,73.444,51.778,-20.778,42.889,-22.111,73.444,0.29644,-2.0739,1
17,204,9,0,0,2,1.2824,2.1667,0.75277,57.259,50.889,71.222,49.667,-19.111,41.889,-22.778,71.222,0.30267,-2.0374,1
202,182,9,0,0,2.5556,1.8579,3,2.0548,55.074,49.556,68.111,47.556,-16.556,39.111,-22.556,68.111,0.3016,-1.9892,1
78,201,9,0,0,2.8333,2.6562,5,4.0716,56.444,51.444,68.667,49.222,-15,36.667,-21.667,68.667,0.28043,-1.9695,1
63,203,9,0,0,4.2778,3.7913,3.4444,4.0369,58.481,52.444,71.667,51.333,-18.111,39.556,-21.444,71.667,0.28711,-2.0346,1
84,200,9,0,0,4.7222,2.7032,2.5,1.5312,56.667,50.667,70.222,49.111,-18,40.667,-22.667,70.222,0.30082,-2.0154,1
250,160,9,0,0,2.1111,1.1852,1.5556,2.7407,42.815,36.444,55.333,36.667,-19.111,37.556,-18.444,55.333,0.34714,-2.1023,1
248,160,9,0,0,3,8.8889,2.1667,3.7667,43.926,37.111,57.111,37.556,-20.444,39.556,-19.111,57.111,0.35404,-2.1138,1
70,197,9,0,0.11111,2.7222,2.0157,5.2778,3.2756,54.852,48.889,68,47.667,-17.889,39.444,-21.556,68,0.2987,-2.0335,1
73,201,9,0,0.11111,0.72222,0.64693,4.4444,2.4555,58.704,52.889,72.222,51,-17.444,40.556,-23.111,72.222,0.29419,-1.9977,1
42,188,9,0,0,1.8333,1.8111,1.3889,1.7518,30.778,27.556,38.111,26.667,-9.6667,22,-12.333,38.111,0.30175,-2.0164,1
204,177,9,0,0,1.7778,10.696,8.3333,27.333,32.889,29,40.667,29,-11.667,23.333,-11.667,40.667,0.28109,-2.1008,1
7,203,9,0.11111,0.11111,3.8889,2.8571,5.4444,2.746,54,47.667,67.667,46.667,-19,41,-22,67.667,0.3149,-2.04,1
121,189,9,0,0,2.2778,2.1951,4.9444,4.0079,62.074,54.778,77.556,53.889,-21.889,46.444,-24.556,77.556,0.3054,-2.0541,1
204,161,9,0,0,1.2778,0.50741,9.2222,73.096,44.074,38,54.556,39.667,-18.222,31.444,-13.222,54.556,0.3081,-2.2383,1
142,182,9,0.11111,0,1.1111,0.83444,2.7778,2.0512,43.63,40.333,52.889,37.667,-9.8889,27.778,-17.889,52.889,0.28686,-1.905,1
183,182,9,0,0,2.8333,2.095,3.5556,2.5618,58.963,52.889,73.333,50.667,-18.222,43.111,-24.889,73.333,0.30883,-1.9921,1
239,174,9,0,0,2,1.4453,1.3889,0.85418,57.852,50.444,73.222,49.889,-22.222,46.111,-23.889,73.222,0.32026,-2.069,1
105,189,9,0,0,2.0556,1.5117,4.4444,3.4555,61.407,55,75.444,53.778,-19.222,42.111,-22.889,75.444,0.28552,-2.0359,1
215,193,9,0,0,2,0.5164,4.8333,1.2953,45.222,40.889,55.333,39.444,-13,30.333,-17.333,55.333,0.28924,-2.0001,1
198,183,9,0,0,1.0556,1.1817,3.3889,1.5975,54.037,48.889,66.556,46.667,-15.444,37.556,-22.111,66.556,0.29862,-1.975,1
197,182,9,0,0,2.2222,1.259,3.4444,2.8258,55.852,50.111,69.111,48.333,-17.222,39.778,-22.556,69.111,0.30064,-2.0016,1
223,161,9,0,0,1.3889,3.0407,9,31.022,42.037,36,52.222,37.889,-18.111,30.556,-12.444,52.222,0.30842,-2.2823,1
